"corpus","preloaded/ententen21_tt31"
"subcorpus","-"
Keyword,Gramrel,Collocate,Freq,Score
freedom,"modifiers of X",,1083427,30.450
,,"religious",91530,9.370
,,"academic",43103,8.430
,,"press",26107,8.140
,,"fundamental",18739,7.850
,,"Iraqi",8659,7.400
,,"individual",30104,7.290
,,"creative",16223,7.130
,,"artistic",8031,7.000
,,"intellectual",8341,6.910
,,"operation",7681,6.820
,,"personal",32015,6.740
,,"democracy",3967,6.740
,,"newfound",3823,6.730
,,"complete",17102,6.700
,,"absolute",7030,6.560
,,"reproductive",4194,6.540
,,"freedom",3731,6.490
,,"democratic",5262,6.440
,,"Amendment",3534,6.420
,,"speech",4293,6.330
,,"economic",18341,6.320
,,"true",12985,6.280
,,"medium",10883,6.220
,,"right",6844,6.160
,,"sexual",8941,6.110
,,"liberty",2402,6.080
,,"relative",3968,5.860
,,"political",17425,5.850
,,"financial",15337,5.840
,,"constitutional",3505,5.810
,,"peace",3358,5.790
,,"monetary",2845,5.760
,,"more",57039,5.730
,,"justice",2907,5.700
,,"Internet",7248,5.670
,,"pension",2619,5.620
,,"equality",1963,5.610
,,"total",9883,5.560
,,"new-found",1600,5.560
,,"basic",7965,5.480
,,"human",15395,5.420
,,"enduring",1689,5.420
,,"much",11430,5.390
,,"expression",1820,5.370
,,"spiritual",4262,5.350
,,"religion",1755,5.340
,,"unlimited",1943,5.310
,,"software",4580,5.280
,,"ultimate",2626,5.150
,,"experimental",2508,5.150
,,"dignity",1213,5.130
,,"guarantee",1166,5.010
freedom,"nouns modified by X",,266277,7.480
,,"fighter",48692,10.210
,,"struggle",11154,7.980
,,"democracy",4966,7.500
,,"equality",3850,7.500
,,"liberty",2969,7.340
,,"justice",5155,6.970
,,"dignity",1283,6.570
,,"freedom",3731,6.490
,,"peace",2126,6.310
,,"fry",1086,6.220
,,"independence",1382,6.210
,,"rider",2054,6.150
,,"seeker",1208,5.890
,,"flotilla",530,5.760
,,"movement",9299,5.750
,,"prosperity",678,5.640
,,"camping",602,5.620
,,"lover",1655,5.600
,,"autonomy",573,5.320
,,"advocate",1449,5.260
,,"tolerance",678,5.130
,,"privacy",590,5.070
,,"fairness",327,5.050
,,"happiness",508,5.010
freedom,"verbs with X as object",,995738,27.990
,,"restrict",14909,7.990
,,"defend",14970,7.640
,,"guarantee",12588,7.530
,,"exercise",9657,7.440
,,"enjoy",31283,7.100
,,"curtail",4529,7.070
,,"protect",23599,7.050
,,"regain",5031,6.820
,,"respect",6175,6.790
,,"preserve",7678,6.710
,,"grant",8788,6.620
,,"limit",11859,6.600
,,"violate",5801,6.580
,,"demand",6346,6.490
,,"value",4809,6.420
,,"abridge",2601,6.360
,,"gain",11440,6.290
,,"threaten",4635,6.270
,,"deny",5945,6.200
,,"suppress",3117,6.100
,,"attain",3186,6.060
,,"undermine",3149,6.060
,,"uphold",2658,5.960
,,"secure",5700,5.940
,,"want",14674,5.910
,,"sacrifice",2478,5.880
,,"stifle",1995,5.870
,,"seek",8707,5.790
,,"celebrate",5692,5.780
,,"promote",8959,5.750
,,"safeguard",2086,5.730
,,"achieve",8305,5.640
,,"promise",2444,5.630
,,"allow",19437,5.590
,,"curb",1594,5.420
,,"hate",2614,5.420
,,"experience",6089,5.390
,,"ensure",7285,5.370
,,"advocate",1689,5.370
,,"embrace",2558,5.360
,,"erode",1423,5.360
,,"cherish",1357,5.340
,,"afford",2148,5.320
,,"restore",3131,5.310
,,"enshrine",1262,5.300
,,"mean",8215,5.230
,,"proclaim",1385,5.210
,,"surrender",1335,5.210
,,"destroy",3698,5.190
,,"give",33839,5.140
,,"abuse",1421,5.120
,,"lose",9990,5.100
freedom,"verbs with X as subject",,245509,6.900
,,"mean",4202,5.030
freedom,"X and/or ...",,876170,24.630
,,"democracy",38092,9.910
,,"right",80893,9.640
,,"liberty",27408,9.600
,,"equality",19733,9.010
,,"independence",16134,8.820
,,"Rights",15426,8.810
,,"justice",20884,8.660
,,"freedom",19274,8.490
,,"dignity",10519,8.200
,,"speech",12488,8.080
,,"peace",15221,8.010
,,"flexibility",8922,7.770
,,"autonomy",6560,7.720
,,"privacy",7978,7.630
,,"prosperity",6114,7.470
,,"expression",7013,7.230
,,"choice",7057,7.100
,,"responsibility",7257,7.070
,,"happiness",4643,6.930
,,"security",9578,6.820
,,"tolerance",3582,6.740
,,"joy",4666,6.730
,,"liberation",3001,6.720
,,"slavery",3132,6.610
,,"opportunity",7736,6.600
,,"sovereignty",2631,6.420
,,"press",3068,6.320
,,"self-determination",2169,6.270
,,"creativity",3354,6.250
,,"openness",2271,6.220
,,"truth",3642,6.200
,,"life",10564,6.160
,,"religion",3973,5.990
,,"safety",5158,5.970
,,"individuality",1769,5.970
,,"love",5229,5.950
,,"power",6490,5.870
,,"capitalism",1673,5.730
,,"pluralism",1433,5.690
,,"hope",2338,5.660
,,"conscience",1501,5.660
,,"respect",2297,5.610
,,"mobility",1695,5.590
,,"assembly",1754,5.580
,,"protection",2767,5.540
,,"wealth",1779,5.450
,,"individualism",1179,5.400
,,"diversity",2051,5.370
,,"comfort",1895,5.340
,,"progress",1648,5.330
,,"adventure",1571,5.310
,,"control",3871,5.290
,,"integrity",1681,5.290
,,"fairness",1212,5.280
,,"law",4346,5.270
,,"space",3582,5.270
,,"fun",2032,5.240
,,"unity",1206,5.200
,,"censorship",1009,5.140
,,"harmony",1180,5.110
,,"association",1570,5.080
,,"privilege",1167,5.050
,,"confidence",1410,5.040
freedom,"prepositional phrases",,2054975,0.000
,,"""%w"" of ...",709575,19.950
,,"... of ""%w""",491357,13.810
,,"... for ""%w""",171028,4.810
,,"... to ""%w""",135952,3.820
,,"""%w"" from ...",99669,2.800
,,"""%w"" in ...",87730,2.470
,,"... on ""%w""",61767,1.740
,,"""%w"" for ...",40289,1.130
,,"... with ""%w""",37884,1.060
,,"... in ""%w""",37126,1.040
,,"""%w"" to ...",32123,0.900
,,"... about ""%w""",21652,0.610
,,"... as ""%w""",12194,0.340
,,"""%w"" as ...",9152,0.260
,,"""%w"" on ...",8422,0.240
,,"""%w"" with ...",7656,0.220
,,"... between ""%w""",7209,0.200
,,"""%w"" at ...",6114,0.170
,,"... by ""%w""",5441,0.150
,,"... against ""%w""",5165,0.150
,,"... from ""%w""",5092,0.140
,,"... like ""%w""",3627,0.100
,,"... towards ""%w""",3350,0.090
,,"... into ""%w""",3088,0.090
,,"... toward ""%w""",3039,0.090
,,"""%w"" under ...",2991,0.080
,,"""%w"" through ...",2959,0.080
,,"... upon ""%w""",2925,0.080
,,"""%w"" by ...",2866,0.080
,,"... at ""%w""",2714,0.080
,,"... over ""%w""",2616,0.070
,,"""%w"" within ...",2610,0.070
,,"... than ""%w""",2474,0.070
,,"""%w"" without ...",2314,0.070
,,"""%w"" than ...",2205,0.060
,,"... without ""%w""",2081,0.060
,,"... under ""%w""",1982,0.060
,,"""%w"" over ...",1847,0.050
,,"""%w"" around ...",1699,0.050
,,"""%w"" against ...",1539,0.040
,,"""%w"" during ...",1414,0.040
,,"""%w"" after ...",1217,0.030
,,"... through ""%w""",1155,0.030
,,"""%w"" throughout ...",810,0.020
,,"""%w"" into ...",738,0.020
,,"""%w"" across ...",721,0.020
,,"... around ""%w""",541,0.020
,,"... after ""%w""",458,0.010
,,"... if ""%w""",373,0.010
,,"""%w"" before ...",347,0.010
,,"... because ""%w""",339,0.010
,,"... whether ""%w""",320,0.010
,,"""%w"" among ...",309,0.010
,,"""%w"" above ...",253,0.010
,,"""%w"" because ...",253,0.010
,,"""%w"" like ...",228,0.010
,,"... beyond ""%w""",228,0.010
,,"... behind ""%w""",220,0.010
,,"""%w"" since ...",202,0.010
,,"... before ""%w""",180,0.010
,,"... via ""%w""",174,0.000
,,"... until ""%w""",173,0.000
,,"""%w"" if ...",159,0.000
,,"... so ""%w""",157,0.000
,,"""%w"" beyond ...",137,0.000
,,"""%w"" while ...",134,0.000
,,"""%w"" so ...",129,0.000
,,"""%w"" along ...",125,0.000
,,"""%w"" per ...",124,0.000
,,"... within ""%w""",118,0.000
,,"... since ""%w""",111,0.000
,,"""%w"" vs. ...",111,0.000
,,"""%w"" until ...",98,0.000
,,"""%w"" behind ...",97,0.000
,,"... out ""%w""",89,0.000
,,"""%w"" via ...",88,0.000
,,"""%w"" upon ...",87,0.000
,,"""%w"" between ...",80,0.000
,,"... onto ""%w""",78,0.000
,,"""%w"" down ...",78,0.000
,,"... above ""%w""",64,0.000
,,"""%w"" outside ...",64,0.000
,,"... among ""%w""",52,0.000
,,"""%w"" versus ...",51,0.000
,,"""%w"" inside ...",49,0.000
,,"... except ""%w""",49,0.000
,,"""%w"" about ...",48,0.000
,,"""%w"" despite ...",39,0.000
,,"... though ""%w""",36,0.000
,,"... vs. ""%w""",35,0.000
,,"... along ""%w""",27,0.000
,,"""%w"" towards ...",26,0.000
,,"... near ""%w""",23,0.000
,,"""%w"" unlike ...",21,0.000
,,"""%w"" out ...",20,0.000
,,"... versus ""%w""",19,0.000
,,"""%w"" unless ...",19,0.000
,,"""%w"" up ...",18,0.000
,,"... unto ""%w""",17,0.000
,,"... across ""%w""",16,0.000
freedom,"adjective predicates of X",,35876,1.010
,,"loving",537,8.230
,,"absolute",379,7.420
,,"indivisible",204,7.410
,,"precious",253,6.480
,,"inseparable",134,6.330
,,"illusory",102,6.320
,,"short-lived",148,6.250
,,"incompatible",167,6.070
,,"inherent",404,5.980
,,"universal",152,5.700
,,"fundamental",184,5.640
,,"priceless",95,5.590
,,"unlimited",92,5.560
,,"meaningless",130,5.530
,,"untidy",51,5.480
,,"free",2290,5.340
,,"attainable",64,5.290
,,"non-existent",87,5.270
,,"fragile",89,5.230
,,"paramount",120,5.150
,,"incomplete",130,5.100
,,"conditional",60,5.020
freedom,"X is a ...",,25112,0.710
,,"freedom",1523,10.140
,,"slavery",598,9.390
,,"vigilance",414,9.010
,,"right",1182,8.090
,,"illusion",243,7.290
,,"birthright",115,7.140
,,"license",126,7.010
,,"absence",151,6.860
,,"word",540,6.660
,,"principle",175,6.630
,,"value",436,6.580
,,"privilege",112,6.510
,,"struggle",141,6.490
,,"ideal",97,6.430
,,"gift",341,6.410
,,"liberty",69,6.380
,,"concept",287,6.120
,,"goal",289,6.040
,,"vigilence",47,5.930
,,"ability",301,5.920
,,"condition",230,5.900
,,"precondition",51,5.790
,,"anarchy",43,5.760
,,"cornerstone",84,5.750
,,"essence",68,5.680
,,"dream",112,5.580
,,"tyranny",39,5.580
,,"good",62,5.560
,,"responsibility",140,5.440
,,"capacity",49,5.420
,,"luxury",57,5.410
,,"courage",34,5.380
,,"end",117,5.370
,,"notion",46,5.230
,,"theme",100,5.220
,,"foundation",106,5.180
,,"Word",44,5.170
,,"burden",43,5.140
,,"willingness",32,5.140
,,"power",131,5.120
,,"prerequisite",61,5.100
,,"ignorance",31,5.100
,,"reality",87,5.090
,,"desire",49,5.090
,,"myth",50,5.070
,,"state",200,5.050
,,"fight",37,5.040
,,"independence",27,5.030
freedom,"X''s ...",,2909,0.080
,,"sentinel",148,10.180
,,"cause",289,8.070
,,"flame",30,7.010
,,"torch",16,6.770
,,"goblin",11,6.730
,,"frontier",34,6.690
,,"banner",24,6.630
,,"enemy",144,6.250
,,"foe",22,6.200
,,"light",101,6.000
,,"defender",31,5.610
,,"bell",14,5.490
,,"triumph",26,5.480
,,"soil",16,5.330
,,"sake",236,5.310
,,"air",18,5.240
freedom,"possessors of X",,49975,1.400
,,"citizen",1212,7.890
,,"Kong",527,7.400
,,"Americans",473,7.330
,,"individual",1697,7.190
,,"Amendment",233,6.900
,,"slave",177,6.600
,,"Franzen",137,6.460
,,"people",4477,6.430
,,"American",196,6.430
,,"House",237,6.320
,,"Mumia",127,6.300
,,"Assange",143,6.230
,,"Palestinians",123,6.140
,,"other",463,6.130
,,"Vanunu",107,6.110
,,"journalist",166,6.090
,,"Roosevelt",166,6.030
,,"Citizens",145,5.920
,,"person",1410,5.900
,,"anyone",388,5.870
,,"user",1036,5.830
,,"America",1708,5.810
,,"India",897,5.810
,,"Roach",83,5.700
,,"woman",3307,5.680
,,"Caribbean",79,5.530
,,"FDR",84,5.480
,,"everyone",656,5.460
,,"worker",558,5.450
,,"Kayed",67,5.450
,,"humanity",159,5.400
,,"prisoner",124,5.310
,,"Rockwell",65,5.290
,,"Canadian",69,5.260
,,"man",1866,5.260
,,"SMM",58,5.240
,,"professor",92,5.230
,,"Christian",87,5.130
,,"hostage",54,5.110
,,"Kashmir",67,5.100
,,"country",1425,5.090
freedom,"pronominal possessors of X",,287464,8.080
,,"our",80649,5.010
freedom,"X of ...",,709575,19.950
,,"speech",128974,11.800
,,"expression",112602,11.610
,,"press",32573,10.240
,,"movement",52045,9.970
,,"religion",39592,9.910
,,"choice",29884,9.200
,,"association",18248,9.180
,,"conscience",12786,9.000
,,"request",13694,8.810
,,"assembly",10376,8.570
,,"thought",15043,8.520
,,"Act",9933,7.960
,,"navigation",5690,7.950
,,"worship",5273,7.470
,,"action",11346,7.380
,,"belief",4434,7.250
,,"opinion",5049,7.180
,,"will",4058,7.130
,,"information",10668,6.800
,,"Information",2713,6.730
,,"individual",5481,6.710
,,"contract",3646,6.510
,,"citizen",3239,6.460
,,"sea",2530,6.450
,,"other",3827,6.310
,,"Press",2134,6.080
,,"medium",2417,5.800
,,"inquiry",1380,5.680
,,"City",1954,5.660
,,"access",1581,5.610
,,"act",1676,5.590
,,"trade",1637,5.580
,,"spirit",1544,5.440
,,"mobility",993,5.370
,,"establishment",999,5.270
,,"motion",1126,5.230
,,"communication",1506,5.180
,,"travel",1112,5.180
freedom,"... of X",,491357,13.810
,,"degree",52325,9.980
,,"principle",9777,7.750
,,"exercise",4222,7.580
,,"ideal",3347,7.480
,,"guarantee",3097,7.430
,,"violation",6497,7.410
,,"enemy",3487,7.350
,,"symbol",4429,7.340
,,"defense",3507,7.290
,,"restriction",2301,7.070
,,"sense",13971,7.070
,,"defender",2326,7.010
,,"right",7120,7.000
,,"feeling",4678,6.970
,,"concept",5988,6.890
,,"notion",3530,6.880
,,"protection",3586,6.850
,,"deprive",2117,6.820
,,"idea",6867,6.800
,,"loss",7176,6.740
,,"promise",2479,6.680
,,"cause",6019,6.640
,,"suppression",1796,6.630
,,"champion",1810,6.590
,,"beacon",1436,6.470
,,"dream",1878,6.440
,,"taste",2180,6.410
,,"erosion",1336,6.300
,,"conception",1614,6.270
,,"denial",1680,6.250
,,"illusion",1322,6.190
,,"bastion",1147,6.160
,,"land",2006,6.120
,,"pursuit",1839,6.110
,,"defence",1310,6.110
,,"advocate",1306,6.110
,,"spirit",2725,6.000
,,"infringement",1037,5.990
,,"price",2772,5.890
,,"issue",4359,5.860
,,"measure",1958,5.840
,,"meaning",2057,5.820
,,"love",1974,5.780
,,"gift",1373,5.760
,,"deprivation",869,5.750
,,"value",4711,5.740
,,"expression",2038,5.730
,,"importance",2859,5.670
,,"celebration",1376,5.670
,,"deal",1737,5.660
,,"lack",6924,5.640
,,"question",1894,5.620
,,"hope",1034,5.620
,,"message",1140,5.590
,,"name",4542,5.570
,,"curtailment",725,5.570
,,"definition",1942,5.560
,,"lover",884,5.560
,,"search",1339,5.560
,,"abuse",1119,5.540
,,"space",1069,5.470
,,"air",812,5.420
,,"limitation",972,5.420
,,"foundation",1273,5.410
,,"birth",1041,5.400
,,"favor",1271,5.370
,,"limit",1191,5.370
,,"atmosphere",852,5.370
,,"realm",1037,5.370
,,"vision",1229,5.360
,,"expense",975,5.270
,,"preservation",786,5.260
,,"advantage",2106,5.180
,,"tradition",1010,5.180
,,"sake",917,5.160
,,"blessing",645,5.150
,,"promotion",796,5.130
,,"moment",1321,5.120
,,"repression",550,5.100
,,"theme",990,5.070
,,"enjoyment",613,5.060
,,"condition",1436,5.020
,,"life",2437,5.010
freedom,"... for X",,171028,4.810
,,"struggle",12178,10.020
,,"fight",20009,9.960
,,"fight",8769,9.690
,,"desire",4133,8.290
,,"quest",2697,7.990
,,"die",1957,7.920
,,"struggle",1827,7.900
,,"battle",1983,7.690
,,"respect",2920,7.410
,,"bid",1497,7.410
,,"yearning",974,7.340
,,"yearn",1024,7.310
,,"stand",2430,7.300
,,"longing",997,7.220
,,"life",1985,7.190
,,"fighter",808,7.170
,,"movement",1128,7.140
,,"war",907,6.990
,,"exchange",1718,6.920
,,"victory",1020,6.920
,,"cry",745,6.850
,,"sacrifice",695,6.830
,,"blow",638,6.820
,,"aspiration",629,6.730
,,"strive",947,6.630
,,"protection",1155,6.580
,,"stand",694,6.520
,,"break",608,6.460
,,"long",560,6.460
,,"advocate",1145,6.450
,,"advocate",981,6.410
,,"sacrifice",488,6.410
,,"fighting",462,6.370
,,"hope",1043,6.360
,,"allow",3815,6.250
,,"sue",501,6.150
,,"campaign",804,6.140
,,"thirst",451,6.080
,,"dash",355,6.030
,,"argue",591,5.960
,,"provide",1722,5.850
,,"campaign",376,5.760
,,"voice",382,5.670
,,"plea",345,5.640
,,"call",1338,5.590
,,"people",555,5.560
,,"call",2309,5.550
,,"price",956,5.540
,,"chance",516,5.480
,,"argument",400,5.470
,,"search",1168,5.450
,,"demand",1655,5.390
,,"urge",228,5.390
,,"statute",227,5.390
,,"force",338,5.360
,,"implication",632,5.350
,,"guarantee",247,5.340
,,"march",221,5.340
,,"right",404,5.310
,,"passion",702,5.300
,,"concern",536,5.210
,,"plead",244,5.210
,,"hunger",227,5.200
,,"protest",198,5.190
,,"march",190,5.140
,,"return",429,5.110
,,"push",425,5.110
,,"God",305,5.080
,,"advocacy",210,5.060
,,"crusade",180,5.040
,,"pay",1696,5.020
,,"love",600,5.010
freedom,"... to X",,135952,3.820
,,"right",37729,10.180
,,"threat",8262,8.450
,,"slavery",1200,8.080
,,"escape",1346,7.780
,,"path",3164,7.640
,,"road",1903,7.180
,,"slave",769,7.180
,,"commitment",4106,7.160
,,"journey",1343,7.070
,,"restriction",558,6.900
,,"limit",851,6.830
,,"danger",675,6.500
,,"affront",414,6.440
,,"obstacle",612,6.430
,,"escape",375,6.360
,,"key",1232,6.260
,,"entitle",1087,6.230
,,"step",546,6.160
,,"limitation",340,6.120
,,"way",3814,6.080
,,"blow",465,6.050
,,"walk",447,6.030
,,"ticket",600,6.000
,,"challenge",697,5.820
,,"hostile",306,5.700
,,"people",702,5.670
,,"right",245,5.640
,,"commit",1164,5.640
,,"bondage",211,5.590
,,"pose",271,5.580
,,"dangerous",273,5.560
,,"antithetical",213,5.530
,,"march",221,5.490
,,"inimical",185,5.370
,,"impediment",218,5.370
,,"aspire",214,5.340
,,"claim",415,5.290
,,"essential",411,5.270
,,"flight",413,5.260
,,"dedication",324,5.260
,,"pathway",240,5.160
,,"menace",159,5.130
,,"door",535,5.120
,,"route",420,5.100
,,"citizen",158,5.100
,,"barrier",429,5.070
,,"aspiration",143,5.060
,,"devotion",246,5.040
,,"attachment",229,5.020
freedom,"X from ...",,99669,2.800
,,"fear",3881,9.890
,,"oppression",1930,9.150
,,"discrimination",1954,9.060
,,"want",1488,8.870
,,"slavery",1710,8.850
,,"religion",1718,8.770
,,"tyranny",1329,8.640
,,"torture",1250,8.590
,,"sin",1699,8.520
,,"bondage",1257,8.470
,,"Foundation",2119,8.460
,,"interference",1209,8.420
,,"rule",1471,8.320
,,"constraint",1000,8.220
,,"restraint",948,8.210
,,"pain",1296,8.050
,,"violence",1010,7.930
,,"suffering",828,7.910
,,"control",1000,7.830
,,"addiction",685,7.560
,,"condition",946,7.510
,,"worry",579,7.490
,,"responsibility",589,7.360
,,"persecution",539,7.340
,,"search",592,7.240
,,"coercion",468,7.230
,,"hunger",510,7.220
,,"restriction",503,7.190
,,"anxiety",524,7.170
,,"domination",456,7.160
,,"disease",1022,7.150
,,"guilt",450,7.120
,,"arrest",467,7.090
,,"law",688,7.080
,,"debt",436,7.020
,,"poverty",416,6.840
,,"regulation",413,6.810
,,"prejudice",354,6.800
,,"desire",413,6.790
,,"corruption",364,6.780
,,"consequence",371,6.740
,,"bias",340,6.690
,,"exploitation",338,6.640
,,"harassment",323,6.630
,,"censorship",304,6.620
,,"occupation",330,6.600
,,"attachment",314,6.600
,,"intrusion",293,6.510
,,"influence",348,6.500
,,"limitation",285,6.430
,,"abuse",356,6.420
,,"pressure",323,6.360
,,"taxation",291,6.350
,,"burden",260,6.290
,,"stress",315,6.270
,,"care",306,6.270
,,"obligation",270,6.250
,,"power",405,6.240
,,"detention",244,6.210
,,"yoke",228,6.180
,,"tax",386,6.160
,,"shackle",223,6.120
,,"passion",225,6.110
,,"death",312,6.050
,,"disturbance",212,6.040
,,"cycle",235,6.020
,,"enslavement",197,6.000
,,"condemnation",198,5.990
,,"thought",229,5.920
,,"error",227,5.880
,,"surveillance",183,5.850
,,"danger",216,5.830
,,"convention",192,5.810
,,"authority",315,5.740
,,"harm",214,5.740
,,"form",305,5.730
,,"smoking",177,5.730
,,"government",743,5.710
,,"dependence",167,5.700
,,"threat",220,5.690
,,"punishment",166,5.670
,,"prison",341,5.670
,,"Britain",222,5.640
,,"anger",161,5.640
,,"distraction",159,5.640
,,"accountability",156,5.640
,,"servitude",154,5.640
,,"imprisonment",157,5.620
,,"need",186,5.610
,,"necessity",156,5.600
,,"compulsion",147,5.580
,,"self",162,5.560
,,"kind",218,5.550
,,"homosexuality",144,5.550
,,"British",147,5.530
,,"prosecution",166,5.500
,,"discomfort",140,5.480
,,"liability",183,5.450
,,"master",171,5.420
,,"evil",161,5.410
freedom,"X in ...",,87730,2.470
,,"Christ",2207,7.700
,,"choice",714,7.070
,,"Bill",294,6.320
,,"World",598,6.140
,,"Kong",568,6.030
,,"exchange",899,6.020
,,"Iran",544,5.840
,,"Turkey",479,5.820
,,"sphere",324,5.720
,,"Tibet",205,5.650
,,"Cuba",287,5.640
,,"sense",972,5.420
,,"land",584,5.400
,,"Russia",598,5.400
,,"Jesus",225,5.340
,,"society",1152,5.330
,,"America",2240,5.310
,,"democracy",195,5.310
,,"name",849,5.240
,,"North",242,5.170
,,"Belarus",130,5.130
,,"design",752,5.110
,,"Constitution",159,5.040
,,"Hungary",152,5.030
freedom,"... on X",,61767,1.740
,,"restriction",8872,9.550
,,"infringe",1934,9.340
,,"infringement",1128,9.010
,,"assault",2620,8.590
,,"limitation",1658,8.430
,,"rapporteur",803,8.290
,,"impinge",757,8.280
,,"crackdown",1047,8.210
,,"curb",455,7.720
,,"attack",5762,7.700
,,"encroachment",438,7.660
,,"restraint",469,7.640
,,"limit",1468,7.420
,,"constraint",673,7.370
,,"trample",329,7.240
,,"encroach",371,7.180
,,"law",789,6.880
,,"clampdown",230,6.830
,,"intrusion",200,6.610
,,"found",541,6.550
,,"standard",249,6.350
,,"imposition",161,6.350
,,"insist",525,6.270
,,"insistence",181,6.090
,,"provision",152,5.890
,,"impose",387,5.830
,,"debate",428,5.820
,,"record",267,5.780
,,"Declaration",148,5.750
,,"value",223,5.550
,,"intrude",105,5.510
,,"impingement",85,5.480
,,"legislation",128,5.450
,,"emphasis",902,5.450
,,"stance",181,5.440
,,"policy",317,5.410
,,"war",569,5.390
,,"report",921,5.310
,,"declaration",87,5.290
,,"principle",83,5.210
,,"speech",144,5.190
,,"view",503,5.150
,,"impede",67,5.120
,,"incursion",67,5.120
,,"statement",292,5.040
,,"thrive",124,5.040
freedom,"X for ...",,40289,1.130
,,"prisoner",831,8.440
,,"slave",574,8.380
,,"Palestine",213,7.040
,,"Americans",619,6.880
,,"captive",141,6.800
,,"citizen",675,6.790
,,"security",722,6.680
,,"Palestinians",165,6.520
,,"religion",195,6.420
,,"black",135,6.190
,,"Tibet",96,6.160
,,"Christian",201,6.110
,,"Kayed",85,6.110
,,"minority",144,6.070
,,"individual",992,6.030
,,"illusion",78,5.890
,,"creativity",140,5.870
,,"promise",97,5.860
,,"nation",255,5.780
,,"Iraqi",72,5.760
,,"expression",186,5.730
,,"Abu-Jamal",66,5.730
,,"mankind",118,5.730
,,"woman",1479,5.680
,,"faith",130,5.680
,,"being",128,5.630
,,"press",97,5.590
,,"Negro",64,5.590
,,"India",168,5.580
,,"immigrant",123,5.530
,,"aggression",65,5.480
,,"Catholics",70,5.470
,,"Iranian",57,5.450
,,"African",67,5.440
,,"Muslims",78,5.410
,,"everybody",170,5.390
,,"Assange",54,5.390
,,"Jews",92,5.380
,,"mass",104,5.340
,,"million",148,5.340
,,"people",3361,5.310
,,"sake",430,5.280
,,"other",412,5.140
,,"spirit",76,5.140
,,"Kashmir",44,5.100
,,"gay",49,5.080
,,"journalist",82,5.070
,,"designer",107,5.070
,,"capital",73,5.050
,,"thought",154,5.040
,,"Egyptian",42,5.040
,,"corporation",101,5.030
freedom,"... with X",,37884,1.060
,,"interference",912,8.320
,,"interfere",2162,7.390
,,"incompatible",504,7.290
,,"democracy",149,6.780
,,"society",218,6.570
,,"equate",126,6.180
,,"synonymous",297,6.170
,,"operate",303,5.980
,,"endow",173,5.930
,,"trust",103,5.930
,,"country",591,5.910
,,"freedom",83,5.890
,,"act",206,5.890
,,"inconsistent",224,5.640
,,"God",114,5.600
,,"nation",124,5.560
,,"concern",562,5.560
,,"being",84,5.470
,,"life",424,5.390
,,"move",350,5.360
,,"bless",191,5.310
,,"conflict",116,5.290
,,"honour",63,5.270
,,"move",76,5.260
,,"citizen",79,5.220
,,"preach",46,5.210
,,"explore",63,5.210
,,"religion",52,5.130
,,"play",967,5.010
,,"bat",39,5.010
,,"compatible",440,5.010
freedom,"... in X",,37126,1.040
,,"revel",839,8.120
,,"believe",7058,7.870
,,"rejoice",458,7.420
,,"belief",1580,7.310
,,"believer",466,6.780
,,"revel",141,6.620
,,"restrict",136,6.200
,,"interference",190,6.110
,,"experiment",322,6.100
,,"relish",84,6.000
,,"exult",77,5.970
,,"ultimate",131,5.860
,,"consist",128,5.600
,,"bask",146,5.550
,,"delight",104,5.510
,,"glory",62,5.500
,,"walk",498,5.480
,,"interfere",124,5.420
,,"luxuriate",47,5.190
,,"deterioration",73,5.130
,,"worship",67,5.120
,,"delight",69,5.080
freedom,"X to ...",,32123,0.900
,,"Marry",1111,9.980
,,"slave",818,9.090
,,"experiment",2104,8.810
,,"worship",672,8.620
,,"fascism",418,8.440
,,"chose",383,8.130
,,"associate",356,7.890
,,"dissent",209,7.530
,,"Act",507,6.750
,,"captive",114,6.730
,,"prisoner",206,6.670
,,"Tinker",96,6.600
,,"contract",499,6.420
,,"roam",83,6.370
,,"Learn",130,6.320
,,"Farm",107,6.190
,,"homeschool",85,6.180
,,"slavery",123,6.150
,,"Foundation",222,6.140
,,"Roam",68,6.090
,,"Travel",82,6.080
,,"sin",117,5.910
,,"citizen",348,5.870
,,"Week",69,5.690
,,"travel",102,5.640
,,"religion",183,5.490
,,"million",146,5.470
,,"designer",87,5.450
,,"galaxy",77,5.420
,,"minority",73,5.340
,,"Iraq",130,5.230
,,"Fly",48,5.230
,,"maneuver",40,5.220
,,"Negro",39,5.190
,,"Christian",81,5.080
,,"Catholics",43,5.060
,,"black",50,5.010
freedom,"... about X",,21652,0.610
,,"rhetoric",144,7.430
,,"speech",160,7.150
,,"debate",452,6.750
,,"idea",550,6.550
,,"care",1288,6.290
,,"argument",166,6.270
,,"be",2907,6.230
,,"sing",85,6.110
,,"song",161,5.980
,,"care",124,5.970
,,"issue",88,5.950
,,"platitude",41,5.890
,,"preach",49,5.820
,,"slogan",38,5.820
,,"case",48,5.790
,,"scream",41,5.700
,,"ideal",33,5.600
,,"message",109,5.590
,,"damn",44,5.540
,,"teaching",57,5.450
,,"concern",713,5.450
,,"point",163,5.420
,,"bring",464,5.400
,,"statement",177,5.400
,,"controversy",41,5.380
,,"word",133,5.340
,,"law",35,5.310
,,"much",76,5.230
,,"less",82,5.230
,,"quote",40,5.210
,,"dream",52,5.210
,,"shout",27,5.190
,,"concern",499,5.180
,,"belief",80,5.160
,,"view",72,5.150
,,"world",36,5.150
,,"talk",635,5.130
,,"speak",459,5.110
,,"lesson",49,5.100
,,"notion",32,5.100
,,"game",36,5.090
,,"shit",35,5.030
,,"discussion",259,5.010
,,"whine",36,5.010
freedom,"... is a X",,19041,0.540
,,"freedom",1523,10.140
,,"Freedom",483,9.280
,,"liberty",218,8.160
,,"speech",318,7.780
,,"slavery",206,7.750
,,"Liberty",113,7.350
,,"democracy",229,7.310
,,"stake",142,7.290
,,"principle",120,6.560
,,"happiness",98,6.360
,,"capitalism",83,6.290
,,"goal",255,6.200
,,"independence",53,6.040
,,"expression",76,5.960
,,"Amendment",44,5.960
,,"choice",144,5.930
,,"aim",57,5.890
,,"religion",147,5.870
,,"society",108,5.830
,,"anarchy",35,5.780
,,"America",187,5.780
,,"ideal",39,5.770
,,"press",49,5.740
,,"Constitution",49,5.730
,,"Serenity",31,5.670
,,"right",216,5.620
,,"reward",45,5.610
,,"theme",110,5.600
,,"peace",53,5.530
,,"issue",345,5.500
,,"love",179,5.480
,,"liberalism",31,5.440
,,"essence",31,5.370
,,"will",42,5.310
,,"Linux",40,5.310
,,"jazz",31,5.290
,,"conscience",28,5.290
,,"privacy",38,5.260
,,"feminism",28,5.260
,,"forgiveness",31,5.250
,,"GPL",23,5.240
,,"mobility",29,5.230
,,"socialism",33,5.210
,,"enlightenment",25,5.160
,,"Democracy",23,5.160
,,"privilege",25,5.150
,,"truth",114,5.130
,,"fear",54,5.120
,,"knowledge",79,5.100
,,"dream",55,5.090
,,"autonomy",23,5.090
,,"value",148,5.080
,,"Rights",23,5.080
,,"benefit",51,5.040
,,"belief",40,5.040
,,"Art",37,5.030
,,"responsibility",33,5.030
,,"Passover",21,5.030
,,"prize",31,5.010
,,"liberation",20,5.010
freedom,"... as X",,12194,0.340
,,"freedom",180,8.110
,,"liberty",77,7.440
,,"allow",114,7.210
,,"enjoy",61,6.210
,,"thing",562,6.040
,,"Development",29,6.040
,,"development",123,6.000
,,"right",168,6.000
,,"principle",44,6.000
,,"protect",42,5.890
,,"concept",43,5.860
,,"notion",22,5.780
,,"fundamental",21,5.720
,,"understand",144,5.600
,,"player",37,5.290
,,"basic",17,5.280
,,"defend",17,5.270
,,"precious",16,5.260
,,"want",36,5.170
,,"ideal",15,5.130
,,"grant",19,5.100
,,"democracy",20,5.030
,,"issue",79,5.020
freedom,"X as ...",,9152,0.260
,,"freedom",180,8.110
,,"non-domination",62,7.780
,,"right",430,7.530
,,"Americans",179,7.530
,,"autonomy",53,7.380
,,"absence",66,7.220
,,"cover-up",40,7.080
,,"independence",43,6.980
,,"liberty",42,6.980
,,"principle",119,6.720
,,"non-interference",28,6.630
,,"self-determination",28,6.600
,,"ideal",50,6.540
,,"license",39,6.380
,,"birthright",25,6.360
,,"citizen",230,6.350
,,"value",190,6.050
,,"goal",105,5.960
,,"American",41,5.940
,,"precondition",24,5.900
,,"pretext",38,5.890
,,"Right",18,5.760
,,"capacity",30,5.730
,,"liberation",16,5.700
,,"end",72,5.640
,,"being",103,5.640
,,"voluntariness",14,5.640
,,"necessity",25,5.620
,,"origination",14,5.620
,,"Christian",62,5.610
,,"cornerstone",26,5.610
,,"covering",17,5.610
,,"concept",63,5.590
,,"virtue",22,5.530
,,"reward",55,5.530
,,"individual",159,5.470
,,"good",33,5.420
,,"essence",16,5.380
,,"privilege",16,5.380
,,"responsibility",23,5.360
,,"nation",110,5.270
,,"cloak",12,5.230
,,"excuse",66,5.200
,,"ability",45,5.170
,,"tenet",11,5.150
,,"opportunity",121,5.030
,,"Canadian",12,5.030
,,"illusion",12,5.010
freedom,"X on ...",,8422,0.240
,,"railroad",118,7.000
,,"wallaby",25,6.590
,,"servitude",16,5.920
,,"Ground",20,5.890
,,"march",50,5.620
,,"Border",16,5.510
,,"Passover",11,5.120
,,"altar",44,5.120
,,"net",112,5.070
freedom,"X with ...",,7656,0.220
,,"responsibility",354,6.660
,,"accountability",40,6.560
,,"liberty",31,6.180
,,"anarchy",17,6.050
,,"equality",28,6.030
,,"tyranny",18,6.030
,,"freedom",83,5.890
,,"Marketing",18,5.670
,,"autonomy",19,5.580
,,"justice",39,5.500
,,"restraint",18,5.300
,,"democracy",23,5.020
freedom,"... between X",,7209,0.200
,,"balance",1249,7.740
,,"struggle",222,7.310
,,"strike",43,6.960
,,"tension",487,6.860
,,"opposition",41,6.770
,,"trade-off",79,6.600
,,"choice",175,6.590
,,"contradiction",65,6.300
,,"conflict",409,6.260
,,"dichotomy",33,6.260
,,"line",319,6.040
,,"compromise",51,6.030
,,"standing",17,5.970
,,"stand",16,5.940
,,"choose",222,5.830
,,"tradeoff",30,5.760
,,"balance",23,5.760
,,"antinomy",12,5.760
,,"draw",31,5.730
,,"dilemma",12,5.680
,,"dialectic",12,5.590
,,"contest",29,5.570
,,"battle",112,5.510
,,"stand",29,5.450
,,"contrast",84,5.420
,,"equilibrium",14,5.380
,,"clash",76,5.330
,,"act",13,5.240
,,"nexus",20,5.190
,,"distinction",202,5.010
freedom,"X at ...",,6114,0.170
,,"BYU",31,6.010
,,"midnight",149,5.860
,,"node",44,5.800
freedom,"verbs with particle ""away"" and X as object",,6044,0.170
,,"take",5073,9.300
,,"sign",98,8.080
,,"strip",160,7.830
,,"vote",39,7.640
,,"trade",59,7.040
,,"snatch",30,6.940
,,"legislate",22,6.840
,,"barter",19,6.620
,,"whittle",19,6.460
,,"steal",25,6.440
,,"bargain",15,6.250
,,"rip",11,5.620
,,"give",267,5.590
,,"throw",99,5.210
freedom,"... by X",,5441,0.150
,,"exhilarate",23,6.920
,,"mean",316,6.570
,,"intoxicate",24,6.510
,,"protect",568,6.220
,,"liberate",17,5.540
,,"attract",62,5.520
,,"empower",33,5.490
,,"freedom",11,5.430
,,"thrill",18,5.240
,,"bewilder",11,5.180
freedom,"... against X",,5165,0.150
,,"blow",131,8.680
,,"violation",112,8.140
,,"threat",164,7.370
,,"assault",77,7.130
,,"restriction",35,7.120
,,"onslaught",26,7.030
,,"legislate",24,6.930
,,"tyranny",19,6.870
,,"conspiracy",47,6.710
,,"move",30,6.500
,,"crackdown",23,6.450
,,"militate",30,6.430
,,"outrage",20,6.420
,,"balance",36,6.410
,,"act",50,6.380
,,"attack",304,6.270
,,"offense",42,6.220
,,"affront",12,6.220
,,"offence",46,6.190
,,"law",97,6.140
,,"legislation",16,6.090
,,"authority",14,6.080
,,"array",12,5.990
,,"rule",31,5.940
,,"repression",18,5.920
,,"be",834,5.890
,,"transgression",12,5.870
,,"decision",15,5.810
,,"attempt",15,5.760
,,"crusade",28,5.750
,,"wage",17,5.710
,,"pressure",17,5.620
,,"work",99,5.620
,,"conspire",15,5.590
,,"go",247,5.570
,,"abuse",25,5.530
,,"argue",83,5.510
,,"crime",235,5.480
,,"weapon",39,5.400
,,"plot",20,5.390
,,"argument",80,5.300
,,"measure",39,5.290
,,"rule",20,5.270
,,"jihad",12,5.260
,,"right",21,5.240
,,"stand",53,5.230
,,"offensive",25,5.200
,,"work",17,5.190
,,"aggression",26,5.180
,,"government",13,5.160
,,"vote",26,5.150
,,"reaction",16,5.140
,,"act",37,5.120
,,"weigh",18,5.020
freedom,"... from X",,5092,0.140
,,"act",75,7.210
,,"deprive",25,7.110
,,"derogation",21,6.550
,,"inseparable",48,6.180
,,"peace",19,5.970
,,"restrict",17,5.920
,,"derogate",12,5.630
,,"Account",11,5.450
,,"freedom",126,5.300
,,"escape",109,5.010
freedom,"verbs with particle ""up"" and X as object",,5025,0.140
,,"give",4334,7.500
freedom,"... like X",,3627,0.100
,,"right",250,10.500
,,"value",215,9.600
,,"freedom",67,9.150
,,"ideal",58,8.930
,,"principle",66,8.850
,,"liberty",42,8.520
,,"idea",89,8.460
,,"concept",121,7.990
,,"word",108,7.570
,,"notion",19,7.300
,,"abstraction",15,7.040
,,"theme",23,6.630
,,"term",21,6.290
,,"issue",159,5.940
,,"topic",46,5.620
,,"matter",11,5.530
,,"benefit",17,5.520
,,"other",17,5.370
freedom,"... towards X",,3350,0.090
,,"journey",236,8.740
,,"march",72,8.310
,,"twirl",31,8.230
,,"struggle",34,8.130
,,"path",153,7.800
,,"movement",107,7.780
,,"step",532,7.560
,,"struggle",18,7.250
,,"impulse",17,7.160
,,"people",39,7.110
,,"aspiration",17,7.110
,,"stride",23,7.070
,,"road",36,7.040
,,"individual",15,7.020
,,"urge",14,7.020
,,"intolerance",16,6.880
,,"way",110,6.740
,,"strive",30,6.630
,,"evolution",13,6.610
,,"take",21,6.570
,,"nation",11,6.550
,,"change",19,6.440
,,"progress",120,6.420
,,"advance",17,6.420
,,"society",12,6.390
,,"world",11,6.320
,,"march",24,6.290
,,"move",91,6.190
,,"process",13,6.180
,,"direction",14,6.140
,,"commitment",21,6.110
,,"pathway",11,6.080
,,"course",11,5.970
,,"hostile",12,5.940
,,"country",11,5.900
,,"hostility",23,5.860
,,"lead",20,5.840
,,"drive",17,5.820
,,"effort",30,5.810
,,"be",56,5.750
,,"make",18,5.700
,,"tendency",25,5.670
,,"work",29,5.590
,,"progress",13,5.590
,,"advance",14,5.550
,,"stance",11,5.530
,,"move",176,5.450
,,"work",163,5.390
,,"fly",11,5.250
,,"run",28,5.230
,,"action",11,5.200
,,"tend",17,5.070
,,"trend",28,5.060
freedom,"... into X",,3088,0.090
,,"slavery",121,9.750
,,"bondage",74,9.540
,,"corruption",62,9.140
,,"necessity",28,8.080
,,"intrusion",112,7.500
,,"escape",40,7.260
,,"captivity",14,7.180
,,"freedom",15,7.000
,,"Egypt",16,6.850
,,"release",35,6.790
,,"oppression",11,6.720
,,"incursion",56,6.660
,,"prison",12,6.660
,,"slave",14,6.570
,,"religion",17,6.250
,,"review",27,6.220
,,"inroad",31,6.050
,,"emerge",38,5.900
,,"escape",50,5.830
,,"live",17,5.420
,,"intervention",16,5.400
,,"leap",24,5.380
,,"bear",102,5.250
,,"fear",18,5.230
,,"deliver",14,5.230
,,"other",17,5.230
,,"government",12,5.030
freedom,"... toward X",,3039,0.090
,,"stride",75,8.910
,,"march",97,8.830
,,"journey",168,8.820
,,"movement",145,8.300
,,"impulse",33,8.130
,,"step",450,7.790
,,"struggle",24,7.780
,,"path",126,7.610
,,"road",32,7.450
,,"world",21,7.410
,,"aspiration",17,7.370
,,"drive",31,7.310
,,"struggle",14,7.040
,,"development",14,6.910
,,"walk",13,6.910
,,"move",95,6.830
,,"way",79,6.810
,,"advance",17,6.710
,,"progress",123,6.600
,,"take",16,6.600
,,"people",18,6.580
,,"march",20,6.570
,,"course",16,6.570
,,"strive",20,6.560
,,"lead",22,6.550
,,"direction",13,6.410
,,"gesture",11,6.340
,,"be",50,6.300
,,"change",11,6.300
,,"trend",60,6.260
,,"hostility",28,6.180
,,"move",219,6.160
,,"progress",13,6.000
,,"work",128,5.670
,,"stance",11,5.620
,,"effort",18,5.560
,,"run",22,5.510
,,"tendency",18,5.230
,,"work",14,5.150
,,"orient",14,5.120
,,"attitude",121,5.050
freedom,"X under ...",,2991,0.080
,,"Bill",50,7.830
,,"God",78,7.810
,,"democracy",23,7.690
,,"autonomy",18,7.540
,,"Constitution",163,7.380
,,"Charter",39,7.270
,,"Islam",19,7.120
,,"constitution",52,6.920
,,"socialism",20,6.850
,,"Amendment",85,6.850
,,"communism",20,6.700
,,"Attack",13,6.420
,,"Law",50,6.410
,,"government",94,6.380
,,"Saddam",11,6.350
,,"Covenant",15,6.290
,,"article",75,6.240
,,"king",12,6.240
,,"grace",11,6.240
,,"guise",87,6.160
,,"pretext",27,6.130
,,"capitalism",26,6.080
,,"regime",66,5.770
,,"assault",21,5.730
,,"siege",52,5.550
,,"pretense",15,5.430
,,"law",466,5.320
,,"Article",81,5.310
,,"rule",184,5.160
,,"convention",16,5.010
,,"flag",23,5.010
freedom,"X through ...",,2959,0.080
,,"railroad",54,9.050
,,"merit",38,8.150
,,"non-violence",23,7.870
,,"resistance",36,7.480
,,"forgiveness",20,7.430
,,"victory",18,7.310
,,"truth",20,7.160
,,"vigilance",12,7.010
,,"investing",13,6.900
,,"discipline",19,6.880
,,"democracy",13,6.850
,,"nonviolence",11,6.850
,,"responsibility",12,6.740
,,"slavery",11,6.700
,,"freedom",13,6.690
,,"government",37,6.580
,,"obedience",12,6.440
,,"struggle",36,6.330
,,"yoga",13,6.330
,,"understanding",26,6.310
,,"knowledge",27,6.250
,,"sacrifice",14,6.180
,,"diplomacy",11,6.120
,,"law",36,6.110
,,"strength",13,6.070
,,"expression",17,6.020
,,"violence",18,5.930
,,"death",24,5.920
,,"Christ",61,5.910
,,"grace",12,5.730
,,"love",23,5.690
,,"choice",19,5.670
,,"movement",26,5.620
,,"advocacy",13,5.550
,,"act",25,5.530
,,"power",36,5.510
,,"revolution",12,5.480
,,"business",19,5.470
,,"regulation",17,5.450
,,"legislation",22,5.390
,,"art",51,5.370
,,"war",23,5.270
,,"mean",66,5.260
,,"dance",11,5.260
,,"Jesus",12,5.210
,,"music",40,5.150
,,"court",28,5.100
,,"action",52,5.080
freedom,"... upon X",,2925,0.080
,,"infringe",580,10.460
,,"infringement",161,10.160
,,"impinge",156,9.610
,,"restraint",100,9.530
,,"restriction",132,9.440
,,"encroachment",87,9.370
,,"encroach",120,8.760
,,"limitation",63,8.520
,,"constraint",40,8.520
,,"insistence",37,8.170
,,"assault",59,8.090
,,"limit",29,8.050
,,"intrusion",33,7.990
,,"trample",33,7.970
,,"intrude",36,7.630
,,"found",92,7.290
,,"attack",86,7.260
,,"incursion",13,7.150
,,"impede",13,7.140
,,"impingement",12,7.040
,,"imposition",13,7.010
,,"insist",66,7.010
,,"emphasis",32,6.830
,,"impose",88,6.620
,,"check",12,6.530
,,"burden",13,5.930
,,"impact",16,5.860
,,"place",55,5.840
,,"predicate",12,5.620
,,"effect",39,5.240
,,"impact",32,5.240
,,"set",12,5.050
freedom,"X by ...",,2866,0.080
,,"Franzen",36,8.530
,,"patrimony",18,7.610
,,"drinking",29,7.440
,,"Douglass",14,6.820
,,"voting",24,5.780
,,"freedom",11,5.430
,,"Friedman",12,5.420
,,"slave",18,5.380
freedom,"... at X",,2714,0.080
,,"chance",768,8.170
,,"chip",115,8.010
,,"whittle",25,7.940
,,"rejoice",43,6.930
,,"envy",12,6.920
,,"blow",25,6.800
,,"joy",37,6.670
,,"offend",12,6.050
,,"nibble",16,5.920
,,"astonish",14,5.450
,,"aim",34,5.310
,,"shot",155,5.220
freedom,"... over X",,2616,0.070
,,"security",109,8.930
,,"equality",36,8.650
,,"slavery",30,8.460
,,"roughshod",61,7.760
,,"tyranny",23,7.720
,,"safety",27,7.670
,,"stability",29,7.280
,,"trample",18,7.240
,,"battle",129,6.900
,,"freedom",16,6.880
,,"convenience",11,6.790
,,"debate",317,6.770
,,"rejoice",17,6.600
,,"precedence",96,6.570
,,"struggle",44,6.460
,,"row",22,6.390
,,"order",23,6.330
,,"fear",26,6.280
,,"fight",55,6.160
,,"file",11,6.120
,,"clash",12,6.050
,,"outcry",11,5.870
,,"controversy",72,5.780
,,"priority",40,5.730
,,"concern",235,5.620
,,"conflict",39,5.610
,,"China",13,5.420
,,"argument",20,5.310
,,"interest",15,5.210
,,"government",25,5.190
,,"war",20,5.120
,,"state",15,5.090
freedom,"X within ...",,2610,0.070
,,"law",78,7.050
,,"constraint",64,7.040
,,"form",31,6.850
,,"democracy",12,6.820
,,"relationship",36,6.570
,,"nation",31,6.440
,,"structure",100,6.420
,,"being",13,6.330
,,"limitation",20,6.270
,,"parameter",43,6.200
,,"prison",14,6.120
,,"empire",16,6.000
,,"China",16,5.950
,,"society",96,5.920
,,"confine",58,5.920
,,"role",14,5.870
,,"rule",24,5.750
,,"guideline",25,5.670
,,"life",18,5.640
,,"framework",174,5.630
,,"order",12,5.580
,,"university",19,5.570
,,"boundary",93,5.530
,,"classroom",15,5.530
,,"work",15,5.380
,,"limit",153,5.350
,,"Union",14,5.190
,,"universe",13,5.140
,,"tradition",16,5.120
,,"world",40,5.100
,,"bound",25,5.100
,,"sphere",16,5.070
freedom,"... than X",,2474,0.070
,,"freedom",52,8.510
,,"fundamental",21,7.480
,,"precious",38,7.380
,,"society",25,7.270
,,"stake",15,7.260
,,"mean",19,7.180
,,"value",12,6.540
,,"important",469,6.520
,,"right",20,6.220
,,"broad",24,6.080
,,"control",11,6.050
,,"valuable",36,5.810
,,"priority",11,5.610
,,"reason",12,5.140
,,"world",11,5.010
freedom,"X without ...",,2314,0.070
,,"responsibility",280,10.730
,,"freedom",96,9.480
,,"equality",40,8.960
,,"socialism",29,8.590
,,"discipline",35,8.520
,,"truth",38,8.420
,,"democracy",24,8.080
,,"restraint",43,7.830
,,"sacrifice",33,7.770
,,"justice",29,7.710
,,"discrimination",63,7.630
,,"solidarity",13,7.490
,,"Law",13,7.390
,,"security",23,7.320
,,"happiness",11,7.180
,,"constraint",27,7.150
,,"boundary",27,7.070
,,"law",31,7.020
,,"morality",11,7.000
,,"virtue",11,6.970
,,"accountability",16,6.880
,,"choice",13,6.790
,,"rule",18,6.710
,,"bread",11,6.710
,,"limit",61,6.700
,,"right",30,6.670
,,"government",21,6.630
,,"distinction",18,6.600
,,"order",32,6.520
,,"hindrance",16,6.470
,,"barrier",15,6.470
,,"war",15,6.270
,,"structure",11,6.270
,,"fight",29,6.220
,,"love",23,6.140
,,"violence",18,6.110
,,"faith",11,5.970
,,"struggle",12,5.950
,,"consequence",31,5.940
,,"education",12,5.850
,,"fear",117,5.650
,,"limitation",38,5.630
,,"control",16,5.580
,,"process",23,5.520
,,"compromise",15,5.520
,,"interference",31,5.470
,,"God",16,5.440
,,"restriction",36,5.410
,,"pressure",13,5.340
,,"authority",16,5.010
freedom,"X than ...",,2205,0.060
,,"freedom",52,8.510
,,"servitude",13,7.540
,,"Arab",11,7.040
,,"slave",25,6.980
,,"China",27,6.740
,,"terrorist",12,6.430
,,"society",14,6.240
,,"citizen",34,6.220
,,"sister",13,5.910
,,"government",32,5.580
,,"States",18,5.580
,,"woman",136,5.570
,,"software",11,5.530
,,"school",49,5.410
,,"writer",13,5.410
,,"nation",23,5.230
,,"counterpart",89,5.100
freedom,"... without X",,2081,0.060
,,"freedom",96,9.480
,,"socialism",40,9.120
,,"democracy",53,8.960
,,"incomplete",100,8.750
,,"meaningless",41,8.440
,,"equality",22,8.270
,,"happiness",19,7.940
,,"prosperity",19,7.840
,,"society",49,7.650
,,"inconceivable",13,7.550
,,"responsibility",18,7.530
,,"peace",40,7.450
,,"justice",19,7.340
,,"independence",12,7.340
,,"exist",114,7.090
,,"security",16,7.090
,,"country",95,7.050
,,"living",13,7.040
,,"love",23,6.950
,,"religion",18,6.920
,,"impossible",46,6.900
,,"liberty",12,6.900
,,"nation",18,6.730
,,"live",156,6.330
,,"life",139,6.120
,,"nothing",24,6.070
,,"order",14,5.890
,,"state",24,5.730
,,"future",11,5.560
,,"market",11,5.500
,,"achieve",18,5.420
,,"world",57,5.260
,,"function",13,5.110
,,"possible",50,5.060
freedom,"... under X",,1982,0.060
,,"obtain",218,9.260
,,"request",110,8.690
,,"brainwash",18,8.200
,,"request",26,7.810
,,"disclosure",50,7.780
,,"release",251,7.730
,,"document",40,7.370
,,"protect",157,7.330
,,"disclose",17,7.180
,,"information",58,6.770
,,"record",28,6.700
,,"flourish",18,6.500
,,"public",11,6.430
,,"report",13,5.650
,,"thrive",12,5.510
,,"datum",12,5.480
,,"protection",37,5.430
,,"fall",21,5.070
freedom,"X over ...",,1847,0.050
,,"tyranny",98,10.370
,,"oppression",46,9.390
,,"slavery",86,9.060
,,"curriculum",35,8.510
,,"equality",20,8.110
,,"bondage",13,7.820
,,"servitude",12,7.720
,,"choice",34,7.070
,,"security",41,7.010
,,"fear",41,6.980
,,"schedule",19,6.880
,,"freedom",16,6.880
,,"software",13,6.880
,,"layout",11,6.800
,,"look",11,6.330
,,"finance",13,6.220
,,"safety",24,6.050
,,"Texas",12,5.920
,,"content",29,5.750
,,"order",12,5.610
,,"design",17,5.590
,,"sin",13,5.450
,,"health",12,5.400
,,"body",62,5.050
,,"right",31,5.040
,,"rule",11,5.040
freedom,"X around ...",,1699,0.050
,,"food",11,5.220
,,"globe",204,5.180
,,"world",1426,5.020
freedom,"X against ...",,1539,0.040
,,"tyranny",163,8.970
,,"cobra",19,8.440
,,"despotism",14,7.850
,,"tyrant",19,7.640
,,"Thailand",13,7.560
,,"oppression",70,7.420
,,"oppressor",24,7.280
,,"encroachment",19,7.090
,,"dictatorship",26,7.040
,,"domination",16,6.950
,,"repression",15,6.880
,,"empire",30,6.810
,,"British",22,6.660
,,"communism",21,6.480
,,"slavery",30,6.470
,,"aggression",24,6.430
,,"intrusion",12,6.250
,,"odd",69,6.110
,,"power",38,5.970
,,"search",11,5.970
,,"fascism",17,5.770
,,"assault",12,5.640
,,"regime",42,5.590
,,"invader",14,5.580
,,"imperialism",14,5.330
,,"right",19,5.250
,,"action",16,5.090
freedom,"X during ...",,1414,0.040
,,"regime",11,5.300
,,"revolution",34,5.150
freedom,"X after ...",,1217,0.030
,,"speech",83,8.580
,,"expression",17,8.220
,,"ejection",12,8.210
,,"neoliberalism",11,8.190
,,"freedom",14,8.090
,,"spending",25,7.000
,,"struggle",16,6.670
,,"century",20,6.100
,,"lockdown",17,5.980
,,"decade",36,5.400
,,"revolution",22,5.140
freedom,"... through X",,1155,0.030
,,"govern",14,7.540
,,"prosperity",13,7.230
,,"obtain",232,7.170
,,"document",20,7.080
,,"freedom",13,6.690
,,"datum",97,6.550
,,"empowerment",13,6.320
,,"record",11,6.110
,,"release",34,6.100
,,"reveal",21,5.770
,,"peace",17,5.470
,,"discover",13,5.270
freedom,"verbs with particle ""out"" and X as object",,1143,0.030
,,"spy",27,8.270
,,"stamp",94,7.280
,,"snuff",39,7.260
,,"sell",65,5.350
freedom,"X throughout ...",,810,0.020
,,"land",40,7.020
,,"world",437,5.920
freedom,"X into ...",,738,0.020
,,"Constitution",41,7.960
,,"license",14,7.500
,,"bondage",16,7.120
,,"freedom",15,7.000
,,"constitution",12,6.350
,,"opportunity",29,5.030
freedom,"X across ...",,721,0.020
,,"East",25,5.760
freedom,"... around X",,541,0.020
,,"value",18,7.730
,,"debate",50,6.770
,,"law",12,6.510
,,"issue",77,6.040
,,"question",21,6.020
,,"concern",21,5.500
freedom,"... after X",,458,0.010
,,"aspiration",14,9.420
,,"freedom",14,8.090
,,"strive",12,7.290
,,"seeker",15,7.090
freedom,"... if X",,373,0.010
,,"protect",21,8.960
freedom,"X before ...",,347,0.010
,,"equality",19,10.360
,,"conviction",11,8.350
,,"War",27,5.370
,,"marriage",25,5.230
freedom,"... because X",,339,0.010
,,"freedom",64,11.790
,,"free",14,8.390
freedom,"X among ...",,309,0.010
,,"volunteer",20,8.090
freedom,"X above ...",,253,0.010
,,"freedom",11,10.150
,,"else",121,8.140
,,"everything",38,7.800
,,"thing",21,6.470
freedom,"X because ...",,253,0.010
,,"freedom",64,11.790
,,"right",11,7.040
,,"law",15,5.570
freedom,"X like ...",,228,0.010
,,"freedom",67,9.150
,,"speech",25,7.970
,,"right",31,6.150
freedom,"... beyond X",,228,0.010
,,"book",25,9.510
freedom,"... behind X",,220,0.010
,,"hide",17,7.300
,,"principle",14,5.340
freedom,"X since ...",,202,0.010
,,"revolution",12,5.620
freedom,"... before X",,180,0.010
,,"equality",19,6.260
freedom,"verbs with particle ""off"" and X as object",,180,0.010
,,"trade",34,7.350
,,"choke",20,6.900
freedom,"... via X",,174,0.000
,,"Eye",69,13.180
,,"obtain",75,8.240
freedom,"... until X",,173,0.000
,,"go",41,5.450
freedom,"... so X",,157,0.000
,,"enjoy",13,10.020
,,"allow",15,9.560
,,"give",57,8.690
,,"player",11,8.340
,,"people",15,7.170
freedom,"X beyond ...",,137,0.000
,,"dream",13,5.690
,,"imagination",18,5.600
freedom,"X while ...",,134,0.000
,,"government",12,6.350
freedom,"X so ...",,129,0.000
,,"close",15,6.680
,,"user",32,5.700
,,"other",16,5.540
freedom,"verbs with particle ""upon"" and X as object",,126,0.000
,,"infringe",76,11.270
,,"impinge",21,11.230
freedom,"X along ...",,125,0.000
,,"railroad",46,9.040
freedom,"X per ...",,124,0.000
,,"wavelength",21,10.300
,,"node",23,7.500
,,"cell",15,5.740
freedom,"... since X",,111,0.000
,,"free",17,9.390
freedom,"X vs. ...",,111,0.000
,,"security",20,11.610
,,"tyranny",12,11.550
,,"freedom",13,11.500
,,"control",16,10.370
freedom,"X until ...",,98,0.000
,,"trial",11,6.680
freedom,"... out X",,89,0.000
,,"rule",24,5.660
freedom,"X via ...",,88,0.000
,,"railroad",78,11.910
freedom,"X upon ...",,87,0.000
,,"citizenry",20,11.340
freedom,"verbs with particle ""over"" and X as object",,86,0.000
,,"hand",54,6.000
freedom,"... above X",,64,0.000
,,"freedom",11,10.150
freedom,"X versus ...",,51,0.000
,,"right",11,9.050
freedom,"X inside ...",,49,0.000
,,"country",15,5.680
freedom,"... except X",,49,0.000
,,"freedom",11,12.550
,,"nothing",13,5.670
freedom,"... vs. X",,35,0.000
,,"freedom",13,11.500
freedom,"... unto X",,17,0.000
,,"captivity",11,12.790
freedom,"usage patterns",,0,0.000
,,"it''s ""%w"" to ...",1249,0.040
,,"""%w"" except ...",11,0.000
