corpus,preloaded/ententen21_tt31,,,
subcorpus,-,,,
Keyword,Gramrel,Collocate,Freq,Score
comfort,modifiers of X,,536055,26.82
,,creature,15325,9.58
,,ride,7742,8.22
,,maximum,15927,7.59
,,thermal,8016,7.56
,,all-day,2930,7.34
,,occupant,2574,7.22
,,utmost,3045,7.01
,,added,8171,6.93
,,passenger,4938,6.9
,,operator,2776,6.81
,,luxurious,2780,6.75
,,ultimate,5695,6.63
,,optimum,2448,6.61
,,superior,3954,6.57
,,patient,4951,6.52
,,air-conditioned,1567,6.41
,,relative,4155,6.33
,,optimal,2942,6.29
,,supreme,1726,6.08
,,enhanced,2663,6.05
,,warmth,1157,6.05
,,extra,8693,5.94
,,exceptional,2709,5.93
,,rider,1197,5.9
,,offer,2237,5.89
,,modern,10600,5.84
,,cold,4634,5.78
,,unparalleled,1133,5.75
,,material,3947,5.69
,,cozy,1136,5.68
,,unmatched,889,5.56
,,increase,1635,5.55
,,ergonomic,893,5.53
,,convenience,1017,5.5
,,luxury,1923,5.44
,,seat,1459,5.43
,,driver,1610,5.34
,,plush,760,5.3
,,style,2151,5.26
,,durability,655,5.21
,,indoor,1463,5.21
,,safety,3834,5.2
,,long-lasting,738,5.2
,,seating,828,5.16
,,year-round,712,5.15
,,lasting,1137,5.12
,,homely,577,5.07
,,offering,867,5.03
,,interior,1300,4.99
,,fit,635,4.98
,,wearer,523,4.98
,,home,6400,4.96
,,user,3237,4.95
,,superb,954,4.9
,,cabin,692,4.88
,,guest,1207,4.86
,,soothing,580,4.85
,,great,25836,4.84
,,cow,652,4.8
,,joy,527,4.79
,,lightweight,770,4.78
,,worldly,573,4.78
,,much,6800,4.74
,,absolute,1530,4.73
,,peace,1164,4.73
,,efficiency,802,4.73
,,familiar,1049,4.71
,,breathable,465,4.71
,,patient,721,4.63
,,ease,416,4.61
,,long-distance,476,4.6
,,elegance,410,4.6
,,extreme,1654,4.59
,,unrivalled,419,4.56
,,God,882,4.52
,,unsurpassed,375,4.45
,,psychological,1041,4.41
,,casual,760,4.41
,,scant,388,4.4
,,cosy,400,4.38
,,emotional,1473,4.37
,,stylish,534,4.36
,,bodily,500,4.36
,,handling,463,4.35
,,physical,3574,4.33
,,contemporary,1508,4.33
,,acoustic,660,4.33
,,earthly,448,4.3
,,stability,427,4.3
,,visual,1691,4.3
,,warm,1368,4.29
,,little,8708,4.28
,,driving,503,4.28
,,pleasure,384,4.27
,,complete,2767,4.23
,,premium,826,4.22
,,performance,1727,4.22
,,spiritual,1630,4.22
,,quiet,873,4.21
,,false,1237,4.19
comfort,nouns modified by X,,396744,19.85
,,zone,119709,10.37
,,food,50899,8.25
,,convenience,2989,7.38
,,blanket,1605,6.23
,,level,38885,6.22
,,durability,1126,6.15
,,luxury,1063,5.94
,,safety,3370,5.82
,,eating,929,5.7
,,grip,1324,5.66
,,fit,1998,5.51
,,warmth,706,5.45
,,woman,8042,5.1
,,ease,492,4.84
,,peace,834,4.76
,,cooling,468,4.76
,,layer,2242,4.71
,,foam,533,4.68
,,relaxation,385,4.6
,,classic,681,4.58
,,suite,1040,4.57
,,dish,1302,4.52
,,practicality,288,4.5
,,privacy,489,4.49
,,breathability,272,4.46
,,reliability,455,4.43
,,scent,424,4.36
,,cleanliness,253,4.28
,,seat,1592,4.25
,,encouragement,284,4.25
,,elegance,275,4.19
,,joy,436,4.12
,,stability,574,4.08
,,station,3321,4.07
,,insole,212,4.06
,,waistband,208,4.04
,,padding,224,3.97
,,quotient,205,3.93
,,break,993,3.92
,,refinement,225,3.92
,,bike,598,3.86
,,amenity,377,3.85
,,happiness,284,3.84
,,solace,181,3.84
,,versatility,201,3.84
,,footwear,214,3.83
,,reassurance,184,3.83
,,meal,871,3.81
,,flexibility,412,3.8
,,factor,2381,3.75
,,inn,202,3.73
,,security,1270,3.73
,,item,2244,3.71
,,hope,439,3.71
,,fare,339,3.7
,,companionship,169,3.7
,,cushion,233,3.7
,,handle,324,3.69
,,care,2379,3.68
,,cushioning,165,3.68
,,pleasure,387,3.67
,,feature,3083,3.62
,,thanks,1072,3.58
,,shoe,541,3.58
,,comfort,341,3.58
,,cuisine,352,3.56
,,style,1913,3.55
,,dignity,203,3.54
,,other,730,3.49
,,efficiency,663,3.49
,,favorite,346,3.49
,,mode,1363,3.47
,,craving,163,3.46
,,strap,287,3.45
,,heating,257,3.45
,,wise,196,3.45
,,consolation,141,3.43
,,nursing,165,3.41
,,saddle,154,3.41
,,ergonomics,135,3.39
,,pillow,186,3.37
,,measure,1461,3.36
,,liner,217,3.34
,,healing,219,3.32
,,familiarity,137,3.31
,,guarantee,275,3.26
,,staple,160,3.26
,,handling,262,3.23
,,mattress,179,3.23
,,rating,693,3.22
,,wear,230,3.21
,,enjoyment,153,3.21
,,recipe,588,3.2
,,preference,330,3.2
,,maintenance,405,3.15
,,stop,501,3.14
,,pad,352,3.14
,,ventilation,154,3.14
,,lining,169,3.11
,,functionality,309,3.1
comfort,verbs with X as object,,488478,24.44
,,sacrifice,4551,7.42
,,ensure,12827,6.32
,,maximize,2805,6.28
,,seek,9329,6.04
,,offer,29956,5.91
,,enjoy,12486,5.88
,,enhance,5633,5.88
,,compromise,1640,5.83
,,provide,53798,5.75
,,improve,14497,5.66
,,combine,4157,5.49
,,find,37395,5.45
,,bring,15161,5.39
,,maximise,895,5.37
,,guarantee,1953,5.21
,,prefer,1660,5.12
,,ride,1644,5.09
,,condition,685,5.08
,,increase,11896,4.98
,,assure,1003,4.97
,,feel,4702,4.82
,,crave,530,4.82
,,afford,1058,4.79
,,derive,1278,4.72
,,cushion,414,4.64
,,deliver,4060,4.6
,,exude,411,4.56
,,take,34450,4.45
,,blend,598,4.45
,,optimize,817,4.41
,,promise,696,4.37
,,leave,8037,4.2
,,appreciate,1144,4.16
,,draw,2319,4.14
,,experience,2202,4.08
,,optimise,336,4.06
,,give,15452,4.03
,,value,662,4.03
,,much-need,317,3.98
,,relax,493,3.97
,,want,3517,3.94
,,forgo,257,3.91
,,maintain,2682,3.89
,,add,6181,3.88
,,lend,393,3.81
,,prioritize,263,3.78
,,cruise,259,3.7
,,balance,483,3.69
,,need,5693,3.67
,,boast,385,3.59
,,insure,262,3.59
,,desire,595,3.54
,,drive,1844,3.5
,,forego,184,3.5
,,gain,1455,3.47
,,seat,250,3.45
,,boost,536,3.43
,,promote,1612,3.42
,,achieve,1601,3.41
,,forsake,169,3.35
,,wear,1390,3.34
,,cool,349,3.32
,,emphasize,390,3.31
,,aid,298,3.3
,,sleep,271,3.27
,,climate-control,136,3.16
,,motor,144,3.15
,,like,1382,3.14
,,lack,530,3.13
,,disturb,192,3.11
,,affect,1258,2.97
,,perceive,327,2.97
,,listen,184,2.93
,,attain,240,2.91
,,renounce,137,2.91
,,soothe,135,2.91
,,love,1494,2.86
,,pad,140,2.85
,,ooze,114,2.82
,,deserve,307,2.81
,,elevate,181,2.81
,,ease,205,2.79
,,relish,119,2.77
,,refuse,192,2.75
,,miss,768,2.74
,,restore,416,2.71
,,abandon,299,2.69
,,sit,273,2.69
,,tour,184,2.64
,,convey,212,2.63
,,type,168,2.63
,,scream,126,2.6
,,administer,231,2.6
,,evoke,144,2.56
,,travel,272,2.55
,,whisper,110,2.55
,,prioritizes,91,2.55
,,trade,206,2.53
,,retain,378,2.5
,,expect,1089,2.5
comfort,verbs with X as subject,,74551,3.73
,,zone,263,6.46
,,cool,294,5
,,await,250,4.22
,,pad,67,4.17
,,abound,140,4.14
,,delight,65,4.12
,,eat,426,3.92
,,know,2915,3.82
,,befit,41,3.8
,,seduce,42,3.75
,,enhance,153,3.43
,,layer,31,3.43
,,type,49,3.32
,,outweigh,58,3.3
,,reread,22,3.23
,,pervade,29,3.18
,,complement,67,3.18
,,blanket,24,3.14
,,surround,546,3.11
,,lull,21,3.11
,,read,501,3.01
,,trump,27,3
,,quilt,20,2.96
,,impress,68,2.95
,,contour,20,2.9
,,suck,85,2.84
,,soothe,22,2.82
,,afford,48,2.76
,,blend,33,2.71
,,nurse,20,2.65
,,grieve,19,2.65
,,cushion,16,2.65
,,articulate,25,2.64
,,envelop,20,2.63
,,bake,40,2.62
,,blind,25,2.61
,,comfort,19,2.6
,,seat,21,2.58
,,characterise,30,2.53
,,knit,18,2.41
,,equal,44,2.41
,,recline,14,2.41
,,snack,14,2.4
,,matter,52,2.35
,,interact,60,2.34
,,surprise,46,2.33
,,orientate,14,2.3
,,navigate,31,2.28
,,aboundeth,11,2.27
,,tempt,16,2.23
,,dish,13,2.22
,,ease,27,2.2
,,depend,260,2.17
,,prevail,40,2.16
,,characterize,69,2.14
,,lie,266,2.14
,,ensure,112,2.12
,,strengthen,36,2.11
,,compliment,16,2.1
,,strap,13,2.08
,,wrap,45,2.07
,,scent,11,2.03
,,soften,15,1.99
,,reign,15,1.96
,,coexist,11,1.95
,,vanish,21,1.91
,,personify,10,1.9
,,heat,24,1.87
,,tour,25,1.85
,,distinguish,32,1.83
,,meet,328,1.82
,,distract,19,1.81
,,adjust,28,1.81
,,dictate,30,1.77
,,emanate,18,1.77
,,come,2041,1.76
,,spoil,12,1.75
,,improve,123,1.74
,,radiate,14,1.73
,,fit,84,1.73
,,handle,96,1.71
,,ride,55,1.7
,,evaporate,13,1.7
,,surpass,19,1.67
,,guarantee,27,1.65
,,measure,68,1.63
,,speed,17,1.63
,,balance,17,1.62
,,stem,40,1.61
,,communicate,28,1.61
,,embody,17,1.61
,,combine,67,1.59
,,overwhelm,21,1.59
,,impart,10,1.59
,,refresh,18,1.56
,,flee,37,1.54
,,cater,17,1.54
,,color,11,1.51
,,motivate,26,1.48
,,satisfy,20,1.48
comfort,X and/or ...,,648160,32.43
,,convenience,24953,9.85
,,luxury,14878,9.26
,,safety,36417,8.92
,,warmth,11840,8.8
,,style,22061,8.38
,,ease,6753,8.16
,,durability,7333,8.13
,,fit,5711,7.81
,,aid,7018,7.78
,,peace,11098,7.74
,,privacy,6418,7.59
,,relaxation,4462,7.51
,,joy,6446,7.44
,,pleasure,4907,7.41
,,support,18269,7.36
,,elegance,3546,7.23
,,security,11456,7.2
,,stability,5488,7.2
,,protection,6928,7.04
,,familiarity,2664,6.96
,,efficiency,5953,6.96
,,performance,10980,6.94
,,amenity,3273,6.93
,,solace,2482,6.93
,,hope,4527,6.85
,,happiness,3509,6.82
,,reassurance,2205,6.74
,,quality,10148,6.73
,,enjoyment,2486,6.72
,,confidence,3738,6.71
,,relief,2796,6.66
,,practicality,2106,6.63
,,handling,2764,6.62
,,functionality,2669,6.54
,,flexibility,3126,6.53
,,encouragement,2363,6.52
,,breathability,1852,6.52
,,strength,5132,6.38
,,satisfaction,2395,6.37
,,grip,1805,6.27
,,consolation,1544,6.25
,,well-being,2270,6.24
,,versatility,1576,6.14
,,refinement,1525,6.1
,,cleanliness,1475,6.09
,,space,5804,6.08
,,healing,1895,6.06
,,reliability,2267,6.05
,,beauty,2692,6
,,hospitality,1654,5.97
,,care,5109,5.96
,,companionship,1227,5.87
,,productivity,1869,5.84
,,control,4977,5.76
,,mobility,1521,5.75
,,health,6683,5.74
,,dignity,1534,5.73
,,love,3976,5.68
,,cushioning,1029,5.67
,,wealth,1704,5.66
,,ergonomics,1036,5.64
,,help,1756,5.64
,,softness,1026,5.63
,,charm,1280,5.61
,,speed,2686,5.59
,,inspiration,1418,5.59
,,feature,3179,5.59
,,assurance,1096,5.55
,,feel,1010,5.4
,,freedom,1895,5.34
,,tranquility,850,5.32
,,availability,1334,5.27
,,simplicity,975,5.27
,,traction,811,5.26
,,saving,1149,5.26
,,look,1542,5.25
,,aesthetics,869,5.19
,,guidance,1429,5.18
,,sophistication,789,5.18
,,styling,793,5.17
,,calm,762,5.13
,,welfare,947,5.08
,,comfort,1334,5.07
,,entertainment,1193,4.99
,,rest,1311,4.97
,,coziness,624,4.97
,,ventilation,716,4.94
,,usability,677,4.93
,,prosperity,836,4.92
,,wellbeing,812,4.92
,,discomfort,714,4.92
,,design,3846,4.88
,,trust,1135,4.88
,,grace,860,4.88
,,serenity,614,4.87
,,function,1946,4.86
,,hygiene,704,4.84
,,utility,862,4.78
,,visibility,697,4.78
,,blessing,689,4.78
comfort,prepositional phrases,,846996,0
,,"""%w"" of ...",200535,10.03
,,"... of ""%w""",143119,7.16
,,"... for ""%w""",120190,6.01
,,"... in ""%w""",75854,3.79
,,"""%w"" in ...",61124,3.06
,,"... from ""%w""",42641,2.13
,,"""%w"" to ...",33344,1.67
,,"... with ""%w""",32455,1.62
,,"... to ""%w""",24904,1.25
,,"""%w"" for ...",23727,1.19
,,"""%w"" with ...",17687,0.88
,,"... on ""%w""",9552,0.48
,,"""%w"" from ...",9045,0.45
,,"""%w"" on ...",6451,0.32
,,"""%w"" at ...",6291,0.31
,,"""%w"" during ...",6137,0.31
,,"... about ""%w""",4303,0.22
,,"... between ""%w""",3023,0.15
,,"... at ""%w""",2602,0.13
,,"... as ""%w""",2467,0.12
,,"... into ""%w""",1913,0.1
,,"... by ""%w""",1696,0.08
,,"""%w"" over ...",1571,0.08
,,"... than ""%w""",1415,0.07
,,"""%w"" as ...",1360,0.07
,,"""%w"" throughout ...",970,0.05
,,"""%w"" through ...",936,0.05
,,"... like ""%w""",914,0.05
,,"... without ""%w""",841,0.04
,,"""%w"" like ...",698,0.03
,,"""%w"" than ...",689,0.03
,,"""%w"" while ...",618,0.03
,,"""%w"" within ...",569,0.03
,,"... within ""%w""",533,0.03
,,"""%w"" after ...",489,0.02
,,"... over ""%w""",448,0.02
,,"""%w"" into ...",433,0.02
,,"... beyond ""%w""",423,0.02
,,"... after ""%w""",393,0.02
,,"""%w"" without ...",373,0.02
,,"... towards ""%w""",333,0.02
,,"""%w"" under ...",324,0.02
,,"""%w"" by ...",315,0.02
,,"... behind ""%w""",311,0.02
,,"""%w"" around ...",249,0.01
,,"""%w"" inside ...",226,0.01
,,"... around ""%w""",211,0.01
,,"""%w"" against ...",204,0.01
,,"... toward ""%w""",195,0.01
,,"""%w"" above ...",143,0.01
,,"""%w"" among ...",141,0.01
,,"... outside ""%w""",122,0.01
,,"... upon ""%w""",103,0.01
,,"""%w"" beyond ...",87,0
,,"""%w"" along ...",82,0
,,"... inside ""%w""",77,0
,,"... before ""%w""",71,0
,,"""%w"" across ...",67,0
,,"""%w"" if ...",65,0
,,"""%w"" until ...",62,0
,,"""%w"" behind ...",60,0
,,"""%w"" before ...",59,0
,,"... if ""%w""",53,0
,,"... out ""%w""",49,0
,,"... through ""%w""",47,0
,,"""%w"" about ...",42,0
,,"""%w"" up ...",37,0
,,"""%w"" aboard ...",37,0
,,"... among ""%w""",35,0
,,"""%w"" because ...",35,0
,,"... along ""%w""",32,0
,,"... because ""%w""",32,0
,,"""%w"" between ...",31,0
,,"... against ""%w""",28,0
,,"""%w"" upon ...",26,0
,,"""%w"" amid ...",20,0
,,"""%w"" below ...",20,0
,,"... onto ""%w""",19,0
,,"""%w"" amidst ...",18,0
,,"... though ""%w""",17,0
,,"... so ""%w""",16,0
,,"""%w"" so ...",14,0
,,"""%w"" off ...",14,0
,,"... except ""%w""",14,0
,,"""%w"" despite ...",13,0
,,"... past ""%w""",13,0
,,"... up ""%w""",12,0
comfort,adjective predicates of X,,15096,0.76
,,paramount,324,6.88
,,key,839,6.14
,,subjective,105,5.97
,,sucking,27,5.58
,,unmatched,54,5.49
,,onboard,104,5.32
,,year-round,74,5.3
,,unparalleled,34,5.03
,,prioritized,23,5.01
,,imaginable,83,4.88
,,priority,14,4.81
,,fleeting,20,4.69
,,unrivalled,13,4.55
,,short-lived,28,4.41
,,superb,60,4.41
,,Key,21,4.36
,,unimaginable,15,4.36
,,exceptional,48,4.33
,,excellent,235,4.31
,,unsurpassed,13,4.31
,,derivable,10,4.28
,,important,1414,4.22
,,dental,12,4.21
,,top-notch,15,4.17
,,unspeakable,10,4.15
,,synonymous,36,4.07
,,durable,32,4.03
,,second,83,4.02
,,attainable,16,4
,,few,85,3.92
,,unheard,18,3.9
,,luxurious,11,3.84
,,lightweight,19,3.82
,,obtainable,16,3.81
,,unbelievable,17,3.73
,,undeniable,14,3.7
,,exemplary,10,3.59
,,essential,287,3.57
,,fit,11,3.56
,,loving,13,3.5
,,secondary,27,3.48
,,decent,27,3.48
,,noticeable,24,3.47
,,achievable,16,3.46
,,priceless,14,3.38
,,adjustable,21,3.37
,,removable,11,3.37
,,whatever,12,3.36
,,crucial,104,3.29
,,commensurate,13,3.29
,,optimal,12,3.26
,,comparable,60,3.23
,,wise,25,3.2
,,impressive,65,3.18
,,first,304,3.16
,,pure,27,3.15
,,superior,44,3.13
,,typical,47,3.1
,,being,11,3.06
,,deluxe,14,3.05
,,possible,401,3.04
,,galore,18,3.01
,,classic,17,2.99
,,outstanding,40,2.99
,,sweet,46,2.94
,,integral,16,2.93
,,minimal,27,2.92
,,vital,64,2.88
,,top,42,2.81
,,adequate,24,2.79
,,concerned,15,2.74
,,good,828,2.63
,,evident,58,2.63
,,abundant,17,2.63
,,personal,24,2.61
,,average,18,2.55
,,plentiful,13,2.55
,,most,59,2.53
,,akin,26,2.5
,,spacious,10,2.44
,,satisfactory,10,2.43
,,elementary,18,2.41
,,amazing,69,2.41
,,scarce,17,2.36
,,modern,11,2.36
,,necessary,284,2.35
,,incredible,21,2.35
,,conducive,12,2.34
,,worthy,37,2.32
,,acceptable,36,2.3
,,many,95,2.28
,,temporary,10,2.28
,,soft,32,2.27
,,overall,32,2.26
,,critical,85,2.22
,,exclusive,18,2.21
,,desirable,14,2.19
,,okay,19,2.18
,,much,78,2.17
,,affordable,19,2.15
comfort,X is a ...,,7474,0.37
,,priority,1057,7.53
,,comfort,66,7.28
,,consideration,185,6.61
,,king,167,6.15
,,hallmark,60,6.04
,,keyword,22,6
,,concern,308,5.81
,,criterion,40,5.68
,,luxury,40,5.64
,,aim,28,5.53
,,everything,183,5.5
,,goal,164,5.42
,,thought,28,5.12
,,assurance,11,5.12
,,thanks,56,5.08
,,attribute,23,5
,,factor,397,4.96
,,knowledge,34,4.9
,,objective,27,4.83
,,silence,10,4.72
,,characteristic,24,4.64
,,benefit,35,4.58
,,preference,10,4.58
,,aspect,82,4.55
,,purpose,19,4.52
,,feature,126,4.47
,,notch,22,4.42
,,word,99,4.37
,,key,126,4.36
,,necessity,35,4.36
,,advantage,27,4.31
,,focus,68,4.26
,,enemy,43,4.17
,,seat,14,4.06
,,plus,23,4.04
,,issue,216,3.96
,,number,146,3.96
,,illusion,15,3.89
,,mission,11,3.88
,,temperature,11,3.86
,,order,27,3.82
,,feeling,14,3.7
,,must,16,3.69
,,cornerstone,13,3.67
,,hope,10,3.67
,,trait,10,3.65
,,bonus,14,3.6
,,thing,389,3.59
,,memory,11,3.59
,,worth,10,3.56
,,name,93,3.5
,,pleasure,12,3.47
,,strength,14,3.45
,,theme,23,3.43
,,element,56,3.4
,,principle,13,3.4
,,guide,27,3.37
,,reason,83,3.36
,,prerequisite,12,3.29
,,requirement,26,3.26
,,class,27,3.23
,,quality,30,3.16
,,point,74,3.12
,,highlight,15,3.09
,,need,20,3.08
,,ingredient,15,3.08
,,call,13,3.05
,,fact,55,3
,,something,184,2.94
,,deal,24,2.94
,,driver,21,2.9
,,death,12,2.88
,,blend,10,2.84
,,concept,23,2.68
,,dream,11,2.61
,,condition,19,2.52
,,function,21,2.51
,,standard,11,2.47
,,component,33,2.43
,,combination,19,2.31
,,matter,38,2.28
,,responsibility,13,2.28
,,food,13,2.26
,,match,10,2.25
,,gift,16,2.2
,,foundation,11,2.19
,,price,10,2.14
,,area,32,2.1
,,state,23,2.07
,,object,12,2.07
,,question,14,2
,,business,21,1.98
,,term,14,1.9
,,value,14,1.8
,,God,12,1.79
,,sign,17,1.71
,,level,10,1.67
,,topic,10,1.67
,,book,15,1.58
,,task,12,1.56
comfort,X''s ...,,223,0.01
,,sake,201,5.1
,,mission,10,0.28
comfort,possessors of X,,13713,0.69
,,guest,1264,9.53
,,occupant,220,8.59
,,passenger,265,7.63
,,pet,300,7.2
,,wearer,116,6.94
,,home,288,6.71
,,rider,110,6.52
,,horse,185,5.85
,,shoe,29,5.8
,,patient,902,5.72
,,dog,262,5.61
,,baby,302,5.48
,,bed,21,5.37
,,operator,86,5.36
,,chair,33,5.23
,,traveler,51,5.17
,,Lover,25,5.06
,,seat,17,5.04
,,resident,111,5.03
,,inhabitant,15,4.93
,,mattress,13,4.9
,,boot,13,4.87
,,cat,77,4.86
,,believer,28,4.8
,,animal,83,4.79
,,foot,13,4.77
,,soul,40,4.69
,,traveller,27,4.68
,,crew,26,4.64
,,visitor,77,4.59
,,user,405,4.58
,,patron,17,4.57
,,life,184,4.56
,,bather,10,4.55
,,bike,21,4.55
,,civilization,14,4.52
,,quilter,11,4.44
,,Christian,29,4.4
,,cyclist,13,4.38
,,tenant,34,4.37
,,family,288,4.25
,,room,25,4.23
,,audience,45,4.2
,,everyone,247,4.17
,,Berry,14,4.11
,,anyone,93,4.08
,,tourist,12,4.02
,,toddler,12,3.96
,,God,930,3.95
,,driver,179,3.92
,,clinician,11,3.9
,,participant,61,3.88
,,client,199,3.86
,,customer,202,3.85
,,Job,12,3.83
,,car,74,3.81
,,caregiver,10,3.78
,,Spirit,10,3.78
,,other,74,3.75
,,moment,29,3.73
,,surgeon,14,3.73
,,mom,41,3.64
,,consumer,55,3.62
,,Man,33,3.62
,,spirit,12,3.6
,,partner,45,3.58
,,heart,30,3.56
,,soldier,41,3.55
,,vehicle,36,3.54
,,homeowner,16,3.52
,,staff,16,3.46
,,colleague,13,3.45
,,everybody,29,3.43
,,viewer,23,3.4
,,household,11,3.37
,,Lion,12,3.37
,,hotel,33,3.35
,,Park,21,3.35
,,infant,14,3.34
,,reader,50,3.31
,,adult,13,3.29
,,subject,26,3.27
,,athlete,18,3.27
,,mother,160,3.12
,,lover,22,3.11
,,Life,11,3.09
,,people,430,3.07
,,boat,10,3.07
,,player,82,3.05
,,human,12,3.03
,,anybody,12,3
,,skin,13,2.99
,,provider,19,2.97
,,god,16,2.96
,,Mom,11,2.95
,,model,16,2.92
,,cow,14,2.9
,,employee,65,2.89
,,building,34,2.88
,,individual,74,2.82
comfort,pronominal possessors of X,,80703,4.04
,,thy,330,3.81
,,your,28447,2.96
,,one,47,2.39
,,their,14405,1.92
,,her,6345,1.82
,,our,8547,1.78
,,thine,12,1.56
,,my,8462,1.49
,,its,5442,1.43
,,his,8666,1.08
comfort,X of ...,,200535,10.03
,,home,81065,11.15
,,couch,2760,8.65
,,bed,2804,7.72
,,room,6480,7.7
,,sofa,1341,7.64
,,chair,1832,7.4
,,armchair,1036,7.37
,,hotel,2233,7.29
,,guest,1665,7.25
,,passenger,1113,6.73
,,kitchen,859,6.71
,,bedroom,740,6.53
,,seat,1280,6.52
,,occupant,609,6.46
,,office,1947,6.44
,,Home,636,6.41
,,desk,626,6.33
,,cabin,580,6.23
,,lounge,489,6.21
,,suite,543,6.09
,,apartment,617,5.97
,,villa,372,5.71
,,computer,855,5.7
,,stranger,424,5.68
,,car,1832,5.65
,,mattress,340,5.61
,,accommodation,466,5.55
,,house,1923,5.53
,,living,801,5.53
,,lodge,315,5.42
,,scripture,390,5.38
,,surroundings,312,5.3
,,backyard,239,5.23
,,studio,352,5.18
,,resort,320,5.17
,,residence,394,5.07
,,balcony,218,5.07
,,tent,256,5.07
,,familiarity,233,5.05
,,conditioning,224,5.02
,,vehicle,922,4.9
,,civilization,391,4.85
,,desktop,195,4.82
,,cottage,203,4.77
,,patron,199,4.76
,,wearer,168,4.71
,,ride,240,4.69
,,shoe,300,4.67
,,visitor,338,4.66
,,recliner,155,4.65
,,browser,201,4.62
,,classroom,204,4.6
,,patient,980,4.59
,,bathroom,166,4.56
,,blanket,163,4.55
,,sedan,153,4.52
,,Spirit,233,4.49
,,PC,187,4.49
,,pet,192,4.49
,,boat,287,4.46
,,cab,152,4.46
,,environment,463,4.45
,,ghost,188,4.45
,,luxury,184,4.45
,,resident,404,4.44
,,pillow,144,4.44
,,life,4196,4.43
,,presence,256,4.42
,,laptop,164,4.42
,,user,570,4.37
,,keyboard,159,4.36
,,chalet,126,4.33
,,rental,142,4.32
,,embrace,124,4.3
,,interior,166,4.28
,,routine,166,4.26
,,yacht,132,4.26
,,bus,193,4.25
,,abode,122,4.25
,,RV,122,4.25
,,deck,163,4.24
,,seating,126,4.22
,,phone,243,4.21
,,customer,436,4.17
,,amenity,141,4.11
,,inhabitant,163,4.11
,,lifestyle,144,4.11
,,touch,150,4.1
,,garage,128,4.1
,,foam,126,4.01
,,cotton,128,4
,,traveler,125,4
,,family,1032,3.99
,,other,512,3.97
,,garden,189,3.97
,,space,682,3.95
,,train,177,3.95
,,tub,103,3.94
,,pool,163,3.92
,,bar,205,3.92
comfort,... of X,,143119,7.16
,,word,7319,7.75
,,crumb,739,7.34
,,level,23995,7.12
,,feeling,3445,7.01
,,God,1360,6.81
,,degree,3891,6.57
,,blend,1280,6.55
,,tidings,414,6.49
,,standard,2246,6.41
,,source,6933,6.38
,,sense,7476,6.32
,,measure,1809,6.27
,,haven,350,6.16
,,cocoon,318,6.14
,,oasis,327,6.03
,,zone,486,5.87
,,modicum,283,5.75
,,balance,912,5.73
,,message,681,5.71
,,gesture,318,5.71
,,place,2094,5.63
,,atmosphere,462,5.54
,,air,356,5.43
,,epitome,248,5.38
,,touch,481,5.15
,,deprive,283,5.12
,,creature,231,5.12
,,combination,1788,5.08
,,deal,800,5.07
,,prayer,215,5.05
,,sensation,206,5.04
,,sake,480,5
,,sacrifice,213,4.94
,,expense,428,4.88
,,letter,641,4.82
,,term,3109,4.73
,,be,4117,4.67
,,blanket,129,4.64
,,semblance,154,4.61
,,promise,317,4.55
,,layer,691,4.52
,,moment,624,4.52
,,bit,2148,4.48
,,pursuit,350,4.44
,,destitute,101,4.43
,,lifestyle,117,4.39
,,life,1340,4.36
,,need,1216,4.36
,,assure,107,4.31
,,mix,485,4.3
,,bowl,177,4.3
,,means,210,4.25
,,luxury,107,4.25
,,bubble,95,4.22
,,sanctuary,88,4.11
,,devoid,148,4.03
,,feel,135,4.02
,,shred,90,4.01
,,cushion,74,4.01
,,maximum,178,3.96
,,illusion,116,3.95
,,environment,142,3.94
,,enjoyment,118,3.93
,,aura,84,3.9
,,reason,149,3.87
,,ray,106,3.87
,,plenty,1098,3.84
,,bereave,71,3.84
,,gift,208,3.82
,,space,191,3.82
,,feel,98,3.82
,,expectation,174,3.8
,,search,241,3.76
,,item,138,3.76
,,way,728,3.75
,,thought,159,3.73
,,strip,93,3.72
,,position,428,3.67
,,song,176,3.66
,,amenity,62,3.65
,,dialogue,61,3.65
,,host,262,3.61
,,hug,54,3.61
,,ambience,57,3.58
,,speak,361,3.56
,,full,846,3.56
,,lack,1483,3.54
,,good,440,3.54
,,want,70,3.51
,,sort,1262,3.49
,,world,591,3.49
,,perception,203,3.49
,,pinnacle,67,3.49
,,offer,99,3.48
,,want,66,3.42
,,blessing,79,3.4
,,fusion,68,3.39
,,heaven,48,3.37
,,matter,515,3.36
,,ideology,65,3.36
comfort,... for X,,120190,6.01
,,close,5829,10.49
,,grip,790,7.65
,,design,6566,7.57
,,pad,681,7.51
,,strap,691,7.45
,,padding,626,7.38
,,foam,620,7.34
,,close,1241,7.3
,,fabric,685,7.29
,,lining,592,7.29
,,cushion,591,7.26
,,seat,908,7.25
,,build,1656,7.22
,,pad,614,7.1
,,handle,496,6.92
,,handle,473,6.9
,,amenity,456,6.8
,,stretch,437,6.77
,,collar,340,6.49
,,footbed,324,6.46
,,pillow,323,6.38
,,cotton,305,6.33
,,dress,392,6.29
,,insole,286,6.27
,,seam,281,6.24
,,midsole,270,6.19
,,upper,269,6.18
,,cushioning,263,6.15
,,hot,289,6.13
,,desire,806,6.11
,,engineer,286,6.11
,,close,258,6.05
,,back,290,5.98
,,foot,300,5.97
,,design,773,5.95
,,waistband,223,5.92
,,contour,213,5.85
,,line,213,5.84
,,adjustable,217,5.83
,,furnish,209,5.79
,,adjust,411,5.74
,,mattress,206,5.74
,,body,377,5.73
,,bed,300,5.73
,,high,390,5.72
,,chair,286,5.72
,,turn,239,5.71
,,pray,633,5.7
,,arm,243,5.7
,,layer,216,5.67
,,other,350,5.64
,,provide,1401,5.63
,,position,404,5.59
,,cushion,178,5.59
,,fit,435,5.58
,,shoulder,186,5.57
,,edge,198,5.56
,,conditioning,178,5.56
,,armrest,174,5.56
,,construction,206,5.53
,,leather,176,5.53
,,shape,174,5.53
,,blanket,179,5.49
,,liner,170,5.48
,,feature,332,5.48
,,equip,203,5.47
,,shape,203,5.45
,,backrest,156,5.4
,,prayer,262,5.4
,,neck,164,5.4
,,craft,164,5.4
,,panel,219,5.36
,,cold,162,5.34
,,food,491,5.34
,,interior,154,5.34
,,recline,149,5.34
,,label,211,5.33
,,waist,150,5.33
,,more,396,5.32
,,sole,148,5.31
,,hand,248,5.31
,,rest,186,5.31
,,breathable,145,5.3
,,eat,195,5.29
,,height,162,5.28
,,shoe,190,5.27
,,long,179,5.22
,,longing,190,5.21
,,adjustment,191,5.21
,,style,192,5.19
,,small,183,5.15
,,suspension,142,5.11
,,top,157,5.1
,,angle,141,5.09
,,insert,133,5.09
,,skin,151,5.08
,,warm,134,5.08
,,add,182,5.07
,,room,868,5.06
,,condition,124,5.06
comfort,... in X,,75854,3.79
,,ultimate,2170,9.31
,,relax,2661,8.99
,,utmost,404,7.37
,,enjoy,661,7.34
,,travel,1565,7.32
,,guest,625,7.2
,,unwind,371,7.15
,,dine,396,7.07
,,passenger,474,6.94
,,ride,685,6.86
,,travel,449,6.62
,,cruise,274,6.6
,,retire,383,6.52
,,meal,371,6.44
,,massage,214,6.37
,,sleep,657,6.27
,,adult,427,6.14
,,bask,302,6.14
,,workout,184,6.08
,,sit,2469,6.03
,,rest,345,5.83
,,sleep,185,5.79
,,lounge,139,5.71
,,ride,229,5.7
,,watch,243,5.62
,,shoulder,137,5.57
,,recline,106,5.42
,,movie,242,5.42
,,indulge,321,5.39
,,treatment,291,5.39
,,shop,117,5.34
,,online,214,5.31
,,pet,129,5.31
,,dining,108,5.3
,,standard,317,5.29
,,distance,155,5.29
,,luxuriate,97,5.29
,,care,326,5.29
,,occupant,92,5.18
,,revel,152,5.18
,,eat,222,5.16
,,recover,130,5.1
,,destination,186,5.01
,,seat,130,5.01
,,compromise,83,4.91
,,journey,121,4.88
,,dish,102,4.87
,,TV,115,4.85
,,exercise,99,4.85
,,stay,1142,4.8
,,camp,94,4.79
,,pass,266,4.78
,,entertain,72,4.77
,,right,422,4.76
,,night,384,4.74
,,improvement,564,4.72
,,sightseeing,65,4.71
,,lack,210,4.69
,,rest,133,4.69
,,mile,141,4.62
,,breakfast,92,4.6
,,wait,194,4.58
,,guide,61,4.56
,,live,3660,4.55
,,good,722,4.55
,,drive,170,4.54
,,entertainment,70,4.54
,,listen,70,4.52
,,easy,86,4.52
,,solace,66,4.52
,,dinner,97,4.51
,,drink,92,4.5
,,cuisine,62,4.49
,,pace,75,4.48
,,coffee,83,4.45
,,family,407,4.43
,,lounge,60,4.43
,,Cruise,52,4.43
,,cocktail,57,4.42
,,aid,140,4.41
,,ensconce,56,4.41
,,sacrifice,63,4.4
,,evening,89,4.36
,,ultimate,48,4.36
,,maximum,51,4.36
,,accommodate,58,4.35
,,fish,61,4.28
,,shopping,67,4.26
,,holiday,117,4.25
,,day,737,4.24
,,trip,96,4.21
,,relish,46,4.2
,,cruise,47,4.18
,,session,103,4.17
,,world,217,4.16
,,wrap,135,4.16
,,hair,78,4.15
,,wallow,56,4.14
,,view,87,4.12
,,therapy,82,4.12
comfort,X in ...,,61124,3.06
,,knowledge,1261,7.72
,,fact,5551,7.5
,,familiarity,257,7.07
,,thought,657,6.74
,,affliction,186,6.55
,,idea,410,6.52
,,sorrow,171,6.3
,,arm,766,6.17
,,friend,170,6.15
,,belief,271,6.08
,,routine,191,6.01
,,mind,4361,5.84
,,word,648,5.82
,,notion,126,5.78
,,promise,125,5.77
,,surroundings,202,5.75
,,saddle,135,5.64
,,warmth,107,5.59
,,assurance,98,5.58
,,grief,106,5.55
,,embrace,103,5.45
,,friendship,103,5.45
,,weather,267,5.39
,,solitude,99,5.39
,,skin,212,5.38
,,thing,349,5.28
,,ritual,114,5.28
,,suffering,95,5.27
,,certainty,69,5.15
,,memory,453,5.07
,,food,294,5.07
,,religion,165,5.06
,,presence,366,5.03
,,wear,68,5.02
,,cabin,142,5.01
,,psalm,72,4.85
,,discomfort,59,4.84
,,faith,225,4.77
,,truth,105,4.77
,,prayer,151,4.74
,,home,938,4.71
,,sound,104,4.69
,,suite,80,4.63
,,predictability,45,4.58
,,climate,157,4.55
,,building,454,4.47
,,shoe,88,4.47
,,realization,47,4.47
,,God,199,4.45
,,midst,266,4.42
,,moment,226,4.41
,,driving,46,4.4
,,package,170,4.38
,,feeling,56,4.38
,,bowl,124,4.34
,,reading,98,4.32
,,prospect,45,4.32
,,Lord,70,4.31
,,sadness,39,4.3
,,misery,45,4.27
,,sameness,35,4.22
,,time,1738,4.22
,,closeness,35,4.21
,,seat,150,4.18
,,adversity,36,4.18
,,Sound,45,4.11
,,bedroom,114,4.08
,,beauty,53,4.05
,,accommodation,48,4.03
,,companionship,31,4.02
,,someone,53,4.01
,,possibility,40,3.99
,,setting,392,3.98
,,chaos,45,3.98
,,retirement,48,3.97
,,soul,64,3.95
,,interior,51,3.95
,,alcohol,38,3.95
,,identity,39,3.93
,,stability,35,3.93
,,scripture,57,3.92
,,lie,34,3.92
,,darkness,93,3.91
,,distress,61,3.91
,,stranger,29,3.91
,,consistency,31,3.89
,,footwear,29,3.89
,,measure,80,3.87
,,strength,65,3.85
,,loneliness,28,3.85
,,dwelling,33,3.81
,,atmosphere,111,3.81
,,cold,38,3.8
,,gesture,32,3.8
,,illusion,29,3.79
,,heat,79,3.78
,,something,80,3.77
,,vehicle,112,3.75
,,cab,35,3.75
,,simplicity,33,3.75
comfort,... from X,,42641,2.13
,,enjoy,818,9.02
,,online,1011,8.61
,,do,1219,8.18
,,shop,368,8.02
,,watch,637,7.8
,,shopping,280,7.64
,,right,608,7.17
,,participate,201,7.12
,,experience,534,7.09
,,world,442,7.08
,,play,336,7.04
,,game,617,7.01
,,shop,171,6.82
,,attend,151,6.68
,,class,223,6.61
,,show,238,6.55
,,scenery,123,6.46
,,complete,124,6.46
,,movie,203,6.44
,,session,142,6.32
,,event,275,6.29
,,study,125,6.28
,,course,193,6.23
,,work,852,6.19
,,Internet,115,6.16
,,wildlife,99,6.14
,,casino,92,6.1
,,care,144,6.09
,,workout,88,6.03
,,join,110,5.97
,,sunset,92,5.96
,,offer,106,5.94
,,view,201,5.9
,,skill,115,5.9
,,business,206,5.86
,,provider,85,5.81
,,need,169,5.79
,,meeting,84,5.73
,,view,393,5.71
,,fun,73,5.7
,,tour,88,5.69
,,concert,75,5.67
,,ticket,114,5.63
,,access,140,5.62
,,TV,76,5.62
,,entertainment,71,5.61
,,sky,72,5.6
,,action,146,5.59
,,experience,74,5.59
,,doctor,84,5.57
,,landscape,70,5.56
,,adventure,67,5.5
,,exam,63,5.47
,,explore,62,5.47
,,night,92,5.44
,,nature,63,5.42
,,conference,61,5.37
,,training,82,5.36
,,campus,59,5.34
,,meal,71,5.34
,,sight,59,5.33
,,screen,64,5.3
,,treatment,78,5.24
,,viewing,51,5.23
,,watch,62,5.23
,,gamble,49,5.23
,,order,108,5.22
,,work,264,5.15
,,use,92,5.15
,,service,275,5.15
,,live,115,5.15
,,time,220,5.13
,,firework,48,5.12
,,test,62,5.11
,,perform,57,5.1
,,computer,64,5.08
,,unfold,47,5.07
,,film,111,5.05
,,transaction,52,5.03
,,conduct,60,5.01
,,vote,44,5
,,festival,44,4.99
,,apartment,43,4.96
,,globe,43,4.96
,,television,43,4.96
,,city,81,4.96
,,task,51,4.96
,,life,113,4.93
,,browse,41,4.93
,,activity,79,4.91
,,coffee,51,4.91
,,appointment,43,4.9
,,stream,55,4.9
,,program,110,4.89
,,apply,52,4.89
,,cocktail,41,4.89
,,space,59,4.88
,,bet,40,4.88
,,connect,49,4.87
,,store,47,4.87
comfort,X to ...,,33344,1.67
,,enemy,2229,9.45
,,wearer,282,7.92
,,guest,546,7.03
,,passenger,316,6.98
,,soul,414,6.96
,,occupant,145,6.78
,,terrorist,162,6.55
,,mourner,77,6.21
,,traveler,132,6.19
,,believer,135,6.19
,,patient,1008,6.16
,,family,1686,6.08
,,rebellion,87,6.05
,,victim,360,6.04
,,baby,204,6.03
,,survivor,115,5.9
,,rider,95,5.74
,,mattress,61,5.7
,,sufferer,61,5.69
,,soldier,148,5.68
,,suffering,97,5.53
,,Christian,107,5.46
,,investor,258,5.45
,,million,146,5.45
,,traveller,64,5.41
,,lender,94,5.37
,,living,99,5.29
,,pet,72,5.27
,,heart,357,5.23
,,ride,63,5.23
,,thousand,140,5.15
,,mother,236,5.14
,,user,634,5.1
,,parent,359,5.09
,,racist,35,5.02
,,troop,69,4.96
,,resident,260,4.93
,,stay,41,4.91
,,adversary,34,4.85
,,driver,124,4.85
,,relative,57,4.83
,,child,715,4.82
,,other,563,4.8
,,listener,57,4.78
,,inhabitant,43,4.75
,,rebel,42,4.74
,,widow,38,4.74
,,people,1720,4.69
,,visitor,126,4.65
,,faithful,31,4.59
,,horse,56,4.58
,,bedroom,64,4.57
,,prisoner,48,4.54
,,foot,223,4.51
,,owner,204,4.49
,,mind,120,4.49
,,skin,100,4.44
,,saint,40,4.44
,,space,175,4.43
,,bedding,23,4.43
,,fool,23,4.36
,,man,413,4.36
,,animal,105,4.31
,,grief,27,4.26
,,fan,124,4.25
,,folk,59,4.25
,,dictator,22,4.25
,,woman,305,4.25
,,home,420,4.22
,,sinner,23,4.22
,,someone,243,4.21
,,buyer,82,4.19
,,tourist,41,4.19
,,boy,69,4.18
,,supremacist,19,4.18
,,pilgrim,21,4.17
,,Hussein,20,4.15
,,destination,127,4.14
,,friend,262,4.14
,,nook,19,4.14
,,interior,35,4.12
,,dog,64,4.11
,,bigot,18,4.11
,,kid,99,4.09
,,journey,31,4.08
,,disciple,34,4.06
,,chair,50,4.03
,,wife,93,4.03
,,infant,27,4.02
,,father,87,4
,,sleeper,17,3.98
,,supporter,32,3.97
,,citizen,93,3.96
,,mom,35,3.96
,,lover,30,3.96
,,anyone,294,3.95
,,creationist,16,3.94
,,individual,199,3.93
,,hand,66,3.89
,,Qaeda,19,3.89
comfort,... with X,,32455,1.62
,,design,2554,8.56
,,charm,200,7.43
,,guest,403,7.27
,,elegance,164,7.23
,,style,470,7.12
,,furnish,339,7.01
,,luxury,111,6.64
,,passenger,128,6.47
,,wearer,88,6.43
,,hotel,201,6.28
,,appoint,96,6.23
,,equip,1505,6.05
,,architecture,95,6.03
,,performance,235,6.01
,,surround,106,6.01
,,accommodation,139,5.92
,,hospitality,61,5.87
,,protection,76,5.82
,,handling,56,5.75
,,look,125,5.73
,,design,250,5.67
,,build,321,5.58
,,quality,83,5.45
,,tradition,68,5.45
,,styling,48,5.45
,,durability,45,5.45
,,shoe,75,5.41
,,interior,68,5.39
,,atmosphere,64,5.34
,,nature,61,5.31
,,user,237,5.26
,,feature,82,5.26
,,synonymous,151,5.26
,,feel,46,5.26
,,past,66,5.18
,,efficiency,47,5.17
,,mattress,40,5.15
,,apartment,89,5.14
,,replete,93,5.13
,,stay,49,5.12
,,relax,71,5.1
,,concerned,46,5.1
,,craft,52,5.08
,,camp,41,5.06
,,travel,55,5.05
,,pet,43,5.05
,,convenience,35,5.05
,,room,481,5.04
,,fit,63,5.03
,,compromise,44,5.02
,,traveler,41,4.99
,,lifestyle,39,4.99
,,foot,75,4.95
,,provide,313,4.94
,,amenity,32,4.92
,,blend,95,4.9
,,ride,64,4.88
,,beauty,39,4.84
,,combine,818,4.83
,,rider,37,4.83
,,safety,36,4.82
,,functionality,36,4.82
,,occupant,29,4.82
,,heart,67,4.81
,,adventure,61,4.81
,,soul,46,4.81
,,ride,56,4.79
,,boot,40,4.77
,,destination,40,4.76
,,interfere,329,4.69
,,suite,56,4.68
,,stability,28,4.68
,,technology,81,4.65
,,renovate,29,4.65
,,wear,51,4.63
,,living,64,4.63
,,affliction,25,4.62
,,ambience,25,4.6
,,support,59,4.59
,,cabin,38,4.59
,,standard,51,4.58
,,holiday,49,4.57
,,speed,41,4.54
,,well-equip,25,4.54
,,baby,48,4.53
,,blend,34,4.53
,,other,89,4.52
,,bike,44,4.52
,,décor,24,4.52
,,life,225,4.49
,,camping,24,4.47
,,create,118,4.47
,,sportiness,22,4.47
,,outfit,44,4.45
,,capability,35,4.45
,,concern,257,4.44
,,practicality,22,4.44
,,simplicity,22,4.41
,,family,182,4.41
,,decor,23,4.4
comfort,... to X,,24904,1.25
,,see,305,6.9
,,retreat,291,6.9
,,minister,156,6.75
,,conduce,82,6.59
,,retreat,104,6.38
,,minister,116,6.26
,,necessary,200,6.19
,,concession,123,6.19
,,attachment,256,6.14
,,retire,212,6.13
,,accustom,179,6.02
,,difference,242,5.78
,,compromise,45,5.72
,,conducive,146,5.63
,,addiction,86,5.37
,,administer,85,5.33
,,sacrament,31,5.29
,,attend,176,5.21
,,add,2809,5.21
,,indispensable,39,5.11
,,attentive,49,4.92
,,seek,41,4.85
,,try,224,4.78
,,essential,200,4.78
,,attempt,48,4.67
,,mean,99,4.63
,,tend,97,4.63
,,indifference,35,4.52
,,cater,192,4.49
,,accustomed,26,4.48
,,use,370,4.47
,,much,87,4.45
,,desire,29,4.44
,,cling,127,4.39
,,indifferent,36,4.35
,,intend,26,4.35
,,sacrifice,27,4.3
,,addict,67,4.29
,,luxury,17,4.22
,,design,35,4.18
,,attest,49,4.17
,,urge,16,4.11
,,key,72,4.08
,,equate,43,3.98
,,view,55,3.93
,,priority,31,3.93
,,spirit,20,3.92
,,pay,151,3.9
,,escape,41,3.9
,,crucial,57,3.89
,,thought,33,3.89
,,contribute,1016,3.82
,,instinct,11,3.79
,,need,46,3.78
,,temperature,16,3.78
,,drawback,15,3.75
,,attention,569,3.75
,,cure,13,3.74
,,poverty,12,3.73
,,difficult,31,3.72
,,hindrance,16,3.71
,,improvement,87,3.7
,,injurious,14,3.66
,,consideration,24,3.62
,,essential,10,3.62
,,hard,28,3.6
,,translate,58,3.59
,,guest,20,3.58
,,importance,60,3.56
,,aspire,22,3.56
,,nod,33,3.55
,,dedication,58,3.51
,,attempt,20,3.51
,,discomfort,10,3.51
,,adjust,80,3.5
,,key,143,3.49
,,evening,11,3.47
,,effort,31,3.46
,,gear,16,3.4
,,performance,20,3.35
,,critical,60,3.33
,,pain,13,3.32
,,vital,40,3.32
,,important,119,3.31
,,treat,41,3.29
,,night,16,3.24
,,dedicate,225,3.23
,,surrender,28,3.21
,,attain,13,3.2
,,word,40,3.15
,,ode,14,3.15
,,ally,10,3.12
,,little,36,3.11
,,detrimental,27,3.1
,,escape,10,3.1
,,regard,312,3.1
,,boost,24,3.09
,,flee,43,3.08
,,secret,20,3.07
,,style,18,3.06
comfort,X for ...,,23727,1.19
,,occupant,491,8.79
,,wearer,284,8.37
,,passenger,833,7.96
,,foot,252,6.96
,,rider,281,6.82
,,wear,164,6.33
,,guest,514,6.24
,,driver,391,6.18
,,stay,197,6.09
,,operator,190,5.86
,,horse,179,5.78
,,sorrow,39,5.62
,,sleeper,43,5.62
,,baby,264,5.6
,,crew,99,5.52
,,believer,64,5.5
,,traveller,93,5.42
,,family,1253,5.4
,,troop,95,5.4
,,traveler,124,5.34
,,soul,137,5.29
,,grief,32,5.26
,,heart,78,5.24
,,soldier,97,5.23
,,back,55,5.21
,,style,129,5.17
,,driving,59,5.16
,,patient,818,5.13
,,user,768,5.1
,,pet,111,5.1
,,sleeping,33,5.08
,,haul,39,5.06
,,journey,94,4.91
,,mourner,22,4.89
,,ride,146,4.87
,,cyclist,47,4.86
,,riding,34,4.86
,,hand,78,4.84
,,sleep,44,4.74
,,tenant,50,4.7
,,tear,23,4.66
,,touring,22,4.63
,,Christian,59,4.62
,,dog,152,4.59
,,inhabitant,26,4.59
,,commuter,28,4.55
,,body,139,4.53
,,pain,84,4.53
,,session,144,4.48
,,patron,31,4.47
,,fashion,29,4.44
,,pedestrian,37,4.44
,,resident,202,4.39
,,relaxation,33,4.37
,,visitor,131,4.33
,,bicyclist,17,4.33
,,eye,68,4.25
,,homeowner,37,4.24
,,mom,41,4.22
,,toe,15,4.21
,,neck,17,4.14
,,Baby,15,4.14
,,workout,25,4.12
,,sinner,17,4.05
,,suffering,24,4.03
,,companion,18,4.02
,,ear,20,4
,,sufferer,18,3.98
,,Kerry,17,3.97
,,sake,166,3.97
,,holiday,102,3.95
,,living,86,3.95
,,head,43,3.94
,,thanks,20,3.92
,,bull,15,3.92
,,mother,65,3.88
,,productivity,19,3.87
,,leisure,17,3.86
,,lifestyle,22,3.86
,,vacation,44,3.84
,,commute,14,3.84
,,runner,22,3.82
,,relative,18,3.82
,,spectator,16,3.82
,,leg,25,3.81
,,customer,242,3.8
,,pilgrim,14,3.8
,,parent,129,3.79
,,owner,101,3.78
,,cat,39,3.75
,,animal,75,3.73
,,gamer,23,3.72
,,affliction,10,3.71
,,drive,42,3.7
,,million,40,3.66
,,experience,108,3.65
,,shape,18,3.65
,,investor,75,3.64
,,gaming,25,3.64
,,expert,22,3.63
comfort,X with ...,,17687,0.88
,,ambiguity,220,8.19
,,elegance,85,6.64
,,speaking,50,6.37
,,convenience,70,6.16
,,durability,52,6.16
,,sexuality,62,6.11
,,style,359,6.09
,,uncertainty,100,6.01
,,technology,719,6
,,charm,78,5.94
,,luxury,49,5.89
,,nudity,37,5.89
,,fit,57,5.88
,,cushion,51,5.86
,,amenity,102,5.82
,,mattress,45,5.73
,,hospitality,37,5.61
,,styling,38,5.59
,,practicality,30,5.56
,,touch,156,5.54
,,discomfort,35,5.53
,,cushioning,26,5.48
,,handling,39,5.43
,,seat,125,5.36
,,padding,27,5.23
,,step,122,5.23
,,furnishing,33,5.2
,,intimacy,23,5.16
,,cabin,28,5.15
,,risk,164,5.15
,,unknown,25,5.15
,,feel,50,5.12
,,bedding,24,5.12
,,grip,43,5.07
,,mathematics,25,4.99
,,closeness,17,4.93
,,pillow,29,4.92
,,foam,32,4.91
,,sophistication,19,4.91
,,accommodation,36,4.9
,,bed,107,4.85
,,versatility,19,4.85
,,ambience,18,4.84
,,surroundings,33,4.83
,,heating,25,4.81
,,seating,39,4.79
,,communication,51,4.77
,,functionality,43,4.74
,,conditioning,27,4.73
,,chair,54,4.69
,,language,109,4.69
,,silence,25,4.69
,,charter,17,4.69
,,womanhood,14,4.68
,,design,229,4.67
,,fabric,41,4.66
,,recliner,14,4.66
,,compromise,18,4.63
,,décor,18,4.61
,,height,38,4.6
,,suspension,27,4.6
,,non-slip,13,4.58
,,backrest,14,4.57
,,safety,42,4.55
,,stretch,18,4.55
,,consumption,30,4.54
,,solitude,13,4.52
,,lining,20,4.5
,,sofa,21,4.47
,,earpad,12,4.47
,,math,22,4.46
,,headband,13,4.46
,,room,93,4.44
,,aesthetic,16,4.44
,,facility,85,4.43
,,decor,19,4.43
,,performance,155,4.41
,,stability,21,4.39
,,efficiency,42,4.38
,,atmosphere,31,4.38
,,leather,24,4.38
,,interior,30,4.37
,,shopping,18,4.37
,,bedroom,36,4.36
,,diversity,25,4.34
,,protection,48,4.32
,,flair,24,4.28
,,conversation,24,4.27
,,blanket,21,4.27
,,traction,13,4.27
,,self,27,4.27
,,cooling,13,4.25
,,topic,49,4.2
,,volatility,13,4.19
,,quo,11,4.19
,,risk-taking,10,4.19
,,aesthetics,13,4.19
,,interaction,25,4.18
,,look,75,4.17
,,insole,10,4.16
comfort,... on X,,9552,0.48
,,compromise,1131,9.38
,,compromise,217,8.05
,,sacrifice,98,7.63
,,skimp,104,6.99
,,major,31,6.49
,,scrimp,27,6.32
,,big,110,5.97
,,premium,61,5.92
,,major,18,5.9
,,emphasis,804,5.4
,,priority,33,5.23
,,emphasize,19,4.68
,,accent,14,4.43
,,impinge,17,4.36
,,focus,737,4.33
,,intrude,14,4.31
,,importance,15,4.29
,,impact,47,4.07
,,short,38,4.03
,,high,110,3.99
,,temperature,19,3.96
,,improve,37,3.76
,,deliver,78,3.68
,,infringe,17,3.62
,,value,37,3.55
,,less,20,3.49
,,encroach,10,3.39
,,focus,1500,3.3
,,count,45,3.28
,,much,14,3.13
,,factor,10,3.07
,,impact,410,3.02
,,thrive,16,2.88
,,customer,13,2.84
,,bearing,17,2.83
,,insist,36,2.8
,,back,20,2.8
,,capitalize,28,2.7
,,more,95,2.68
,,heavy,10,2.67
,,bar,16,2.64
,,feedback,31,2.63
,,little,10,2.63
,,twist,11,2.59
,,centre,12,2.56
,,add,17,2.52
,,effect,234,2.49
,,concentrate,68,2.42
,,price,25,2.4
,,demand,15,2.36
,,center,25,2.25
,,bit,12,2.11
,,take,30,2.08
,,reliant,11,2.07
,,lean,12,1.99
,,check,15,1.95
,,cut,11,1.94
,,money,44,1.92
,,place,78,1.92
,,influence,44,1.86
,,comment,57,1.78
,,spend,46,1.73
,,bring,13,1.69
,,depend,347,1.68
,,review,12,1.68
,,dependent,50,1.67
,,low,12,1.67
,,attention,11,1.51
,,rely,145,1.34
,,lay,11,1.33
,,fall,29,1.26
,,study,27,1.24
,,dependence,10,1.19
,,opinion,15,1.06
,,good,16,1
,,have,51,0.98
,,base,568,0.96
,,eye,22,0.92
,,reflect,24,0.75
,,decide,14,0.61
,,pass,16,0.46
,,research,24,0.43
,,rest,11,0.39
,,set,10,0.33
,,build,32,0.22
,,comment,19,0.17
,,perspective,11,0.14
,,make,12,0.05
comfort,X from ...,,9045,0.45
,,fact,1674,8.39
,,thought,157,7.3
,,presence,122,7.12
,,warmth,39,6.93
,,knowledge,152,6.88
,,assurance,28,6.58
,,closeness,27,6.56
,,promise,36,6.54
,,caregiver,26,6.12
,,love,74,6.09
,,scripture,47,5.88
,,belief,51,5.84
,,prayer,23,5.76
,,nearness,15,5.75
,,hope,19,5.75
,,faith,51,5.73
,,touch,24,5.73
,,notion,28,5.64
,,heel,19,5.63
,,familiarity,15,5.62
,,word,174,5.61
,,embrace,16,5.56
,,grief,17,5.37
,,mattress,13,5.33
,,pain,84,5.31
,,feel,13,5.31
,,quilt,12,5.29
,,reflection,16,5.17
,,religion,41,5.15
,,mate,14,5.07
,,Christ,23,5.07
,,verse,20,5.07
,,possibility,15,5.07
,,decision,51,5.03
,,Lord,48,5.03
,,idea,62,4.96
,,support,43,4.94
,,poll,18,4.93
,,stranger,23,4.93
,,Spirit,13,4.92
,,cold,28,4.9
,,realization,11,4.9
,,finding,19,4.88
,,psalm,16,4.85
,,mother,87,4.85
,,prospect,12,4.84
,,sorrow,10,4.82
,,God,194,4.82
,,Father,24,4.82
,,message,23,4.73
,,thing,59,4.66
,,pet,11,4.65
,,passage,19,4.64
,,result,49,4.63
,,sound,22,4.61
,,suffering,16,4.58
,,success,20,4.58
,,win,12,4.58
,,contact,32,4.57
,,Jesus,16,4.56
,,toy,10,4.55
,,routine,15,4.54
,,shoe,11,4.54
,,friend,151,4.49
,,sign,13,4.47
,,Word,14,4.46
,,victory,11,4.46
,,seat,39,4.41
,,advice,11,4.4
,,statistic,11,4.39
,,heat,55,4.37
,,performance,30,4.36
,,figure,28,4.36
,,conviction,11,4.36
,,dog,18,4.35
,,feeling,16,4.35
,,moment,52,4.25
,,comment,20,4.17
,,voice,14,4.16
,,memory,49,4.15
,,food,46,4.15
,,defeat,10,4.09
,,husband,22,4.07
,,brother,18,4.04
,,other,106,4.03
,,story,47,4
,,Bible,23,3.98
,,Scripture,10,3.96
,,spirit,15,3.94
,,adult,13,3.92
,,statement,20,3.91
,,reading,17,3.87
,,parent,75,3.86
,,look,10,3.86
,,something,22,3.84
,,mom,11,3.82
,,stress,18,3.79
,,symptom,11,3.73
,,wife,18,3.7
,,arm,13,3.69
comfort,X on ...,,6451,0.32
,,ride,283,6.85
,,haul,15,6.07
,,insertion,10,5.52
,,terrain,45,5.48
,,commute,17,5.45
,,saddle,16,5.45
,,hike,34,5.14
,,getaway,10,5.1
,,trek,16,5.05
,,wrist,60,5.04
,,ball,103,4.97
,,bike,173,4.96
,,journey,286,4.95
,,mattress,20,4.77
,,seat,60,4.63
,,trail,117,4.44
,,motorway,14,4.34
,,flight,91,4.27
,,sofa,32,4.22
,,go,55,4.16
,,yacht,10,4.06
,,trip,181,3.86
,,thanks,13,3.86
,,distance,15,3.77
,,run,74,3.67
,,inside,59,3.56
,,road,363,3.52
,,court,51,3.48
,,offer,79,3.4
,,drive,49,3.22
,,board,379,3.2
,,highway,34,3.06
,,day,461,3.05
,,voyage,15,3.02
,,bed,56,3.01
,,move,28,3
,,par,26,2.99
,,eye,18,2.98
,,couch,33,2.96
,,adventure,20,2.95
,,job,55,2.93
,,loss,10,2.93
,,water,56,2.93
,,chair,18,2.92
,,pavement,10,2.91
,,boat,36,2.85
,,night,151,2.6
,,home,34,2.55
,,mountain,15,2.54
,,travel,12,2.52
,,skin,31,2.41
,,deck,28,2.3
,,walk,10,2.3
,,train,27,2.27
,,slope,17,2.23
,,budget,25,2.21
,,route,29,2.18
,,plate,26,2.18
,,plane,26,2.17
,,ice,16,2.14
,,wheel,23,2.1
,,stage,84,2.09
,,foot,52,2
,,surface,71,1.99
,,vacation,19,1.98
,,course,36,1.97
,,ship,24,1.95
,,level,100,1.91
,,evening,30,1.9
,,holiday,18,1.89
,,demand,20,1.8
,,morning,33,1.53
,,hill,13,1.52
,,street,49,1.39
,,earth,51,1.3
,,bus,14,1.3
,,tour,24,1.24
,,mission,18,1.24
,,set,17,1.23
,,shoulder,19,1.21
,,scale,35,1.13
,,front,29,1.13
,,leg,11,1.11
,,hand,53,1
,,point,22,0.99
,,shore,11,0.91
,,variety,11,0.91
,,field,18,0.72
,,path,14,0.66
,,way,65,0.65
,,car,13,0.64
,,floor,54,0.61
,,occasion,26,0.53
,,campus,36,0.52
,,term,10,0.49
,,part,37,0.48
,,body,12,0.48
,,type,16,0.47
,,top,59,0.45
,,back,28,0.43
comfort,... is a X,,6399,0.32
,,presence,127,7.53
,,comfort,66,7.28
,,priority,119,7.04
,,familiarity,16,6.22
,,warmth,16,6.19
,,promise,28,6.14
,,shoe,50,6
,,assurance,14,5.91
,,pillow,16,5.83
,,boot,24,5.64
,,McEwan,10,5.64
,,Schrader,10,5.64
,,word,161,5.59
,,Soup,12,5.59
,,consideration,39,5.53
,,bed,43,5.46
,,Food,18,5.46
,,headphones,13,5.44
,,food,146,5.43
,,headset,11,5.4
,,chair,29,5.37
,,soup,18,5.36
,,thought,55,5.26
,,kindness,11,5.18
,,mattress,12,5.15
,,blanket,10,5.15
,,memory,45,5.1
,,concern,92,5.07
,,nursing,11,5.06
,,prayer,29,5.04
,,advantage,28,5.04
,,pant,12,4.95
,,statistic,16,4.93
,,fashion,14,4.82
,,sleep,18,4.79
,,goal,84,4.77
,,seat,26,4.71
,,friendship,15,4.7
,,darkness,11,4.69
,,clothes,12,4.68
,,clothing,11,4.66
,,grace,11,4.66
,,voice,33,4.64
,,arm,21,4.63
,,cabin,12,4.6
,,benefit,28,4.59
,,Lord,26,4.56
,,pie,10,4.55
,,criterion,14,4.53
,,characteristic,13,4.51
,,tea,15,4.46
,,focus,37,4.44
,,doubt,14,4.43
,,pet,13,4.41
,,letter,32,4.4
,,faith,31,4.39
,,knowledge,39,4.34
,,Home,11,4.3
,,look,13,4.26
,,hope,15,4.22
,,Word,10,4.17
,,bike,20,4.17
,,aim,10,4.13
,,religion,36,4.08
,,care,26,4.08
,,feeling,13,4.08
,,room,56,4.04
,,factor,42,4.03
,,reason,41,3.95
,,heaven,12,3.95
,,fire,18,3.91
,,God,105,3.87
,,home,64,3.87
,,support,20,3.86
,,belief,12,3.86
,,pain,19,3.86
,,back,11,3.85
,,requirement,17,3.82
,,silence,10,3.79
,,love,47,3.69
,,staff,19,3.65
,,dog,26,3.64
,,meal,11,3.62
,,ride,10,3.59
,,style,19,3.57
,,aspect,10,3.54
,,friend,42,3.54
,,dish,10,3.52
,,boat,10,3.51
,,hand,24,3.5
,,visit,10,3.45
,,spirit,11,3.44
,,message,15,3.43
,,reading,11,3.39
,,key,14,3.37
,,truth,28,3.29
,,Christ,27,3.29
,,cat,11,3.28
,,news,17,3.27
,,thing,103,3.25
comfort,X at ...,,6291,0.31
,,anchor,42,6.05
,,tariff,12,5.73
,,workstation,12,5.32
,,bedtime,22,5.21
,,suite,10,4.74
,,touch,21,4.68
,,extreme,12,4.59
,,workplace,30,4.58
,,bedside,16,4.58
,,weight,17,4.52
,,price,576,4.44
,,breast,10,4.39
,,sea,121,4.3
,,value,63,4.03
,,Inn,34,3.98
,,command,12,3.89
,,fingertip,29,3.83
,,season,10,3.81
,,funeral,20,3.8
,,hotel,102,3.78
,,Lodge,20,3.73
,,expense,121,3.71
,,forefront,82,3.67
,,Christmas,18,3.57
,,desk,52,3.51
,,Resort,20,3.51
,,fraction,10,3.5
,,cost,196,3.32
,,speed,160,3.31
,,computer,14,3.17
,,Hotel,46,3.15
,,plate,14,3.14
,,core,38,3.07
,,apartment,10,2.93
,,turn,25,2.91
,,death,13,2.9
,,home,562,2.86
,,thought,19,2.78
,,night,164,2.75
,,rear,18,2.71
,,rate,153,2.53
,,hour,24,2.52
,,stop,11,2.52
,,camp,24,2.47
,,step,14,2.46
,,time,1340,2.37
,,resort,10,2.25
,,disposal,26,2.19
,,temperature,46,2.18
,,beach,15,2.18
,,work,125,2.16
,,heart,60,2.06
,,moment,120,1.98
,,altitude,13,1.91
,,back,27,1.82
,,foot,32,1.73
,,Home,10,1.67
,,end,281,1.57
,,table,35,1.49
,,hand,48,1.34
,,church,13,1.24
,,place,30,1.22
,,front,14,1.21
,,bar,13,1.15
,,level,167,1.05
,,stage,38,0.94
,,distance,13,0.94
,,House,15,0.85
,,point,108,0.83
,,location,27,0.8
,,top,49,0.69
,,position,10,0.69
,,facility,10,0.51
,,side,11,0.49
,,start,17,0.47
,,house,12,0.39
,,bottom,25,0.34
,,pace,10,0.19
,,hospital,10,0.15
comfort,X during ...,,6137,0.31
,,wear,168,9.71
,,use,382,8.99
,,ride,92,7.67
,,workout,82,7.3
,,stay,344,7.19
,,procedure,149,7.14
,,journey,116,7.11
,,driving,26,6.78
,,travel,75,6.71
,,illness,33,6.53
,,treatment,127,6.47
,,activity,90,6.43
,,labor,37,6.38
,,weather,61,6.22
,,dive,20,6.17
,,sleep,60,6.08
,,usage,14,5.99
,,gaming,12,5.94
,,play,46,5.89
,,cycling,12,5.87
,,commute,17,5.86
,,grief,11,5.86
,,recovery,28,5.85
,,massage,13,5.83
,,work,48,5.78
,,flight,62,5.75
,,session,232,5.7
,,drive,20,5.64
,,injection,11,5.64
,,time,1157,5.62
,,experience,24,5.61
,,gameplay,16,5.53
,,exam,24,5.52
,,trip,104,5.51
,,moment,28,5.47
,,adventure,12,5.44
,,intercourse,18,5.41
,,heat,13,5.39
,,hike,10,5.39
,,application,14,5.33
,,scan,11,5.23
,,workday,10,5.22
,,vacation,23,5.12
,,movement,20,5.09
,,exercise,40,5.07
,,condition,20,5.06
,,situation,17,5.06
,,transport,16,5.04
,,sex,21,5.01
,,transfer,11,4.93
,,transportation,10,4.86
,,voyage,12,4.85
,,change,12,4.84
,,shift,14,4.82
,,night,88,4.82
,,walk,11,4.8
,,surgery,26,4.59
,,transition,21,4.52
,,holiday,50,4.51
,,examination,12,4.49
,,operation,62,4.47
,,run,25,4.38
,,training,26,4.2
,,month,153,4.14
,,day,236,4.05
,,winter,54,4
,,practice,10,3.73
,,hour,84,3.67
,,life,20,3.61
,,performance,13,3.57
,,tour,14,3.44
,,race,11,3.43
,,game,35,3.42
,,storm,12,3.37
,,process,73,3.33
,,visit,40,3.29
,,crisis,28,3.1
,,trial,14,3.05
,,season,92,2.96
,,pregnancy,38,2.91
,,pandemic,62,2.68
,,event,26,2.64
,,summer,34,2.63
,,lockdown,12,2.6
,,period,171,2.51
,,stage,12,2.41
,,meeting,15,1.95
,,week,25,1.75
,,year,68,1.74
,,phase,11,1.67
comfort,... about X,,4303,0.22
,,rave,34,5.53
,,concerned,29,5.49
,,particular,19,5.49
,,be,1327,5.12
,,care,45,4.96
,,damn,12,4.86
,,bother,15,4.85
,,much,40,4.75
,,care,401,4.65
,,picky,10,4.62
,,less,36,4.44
,,concern,241,4.18
,,forget,81,3.75
,,complaint,48,3.7
,,worry,20,3.41
,,worry,222,3.23
,,think,290,2.66
,,more,252,2.58
,,complain,46,2.44
,,concern,85,2.43
,,bring,56,2.41
,,wonder,17,2.31
,,sure,15,2.3
,,inquire,10,2.22
,,lot,25,2.2
,,idea,24,2.17
,,doubt,14,2.14
,,talk,71,2.02
,,say,64,1.89
,,point,12,1.87
,,thought,10,1.87
,,word,10,1.87
,,ask,44,1.78
,,something,33,1.67
,,passionate,16,1.64
,,statement,10,1.44
,,comment,16,1.42
,,speak,34,1.41
,,talk,189,1.24
,,anything,10,0.52
,,know,41,0.22
,,question,25,0.01
comfort,... between X,,3023,0.15
,,balance,1833,8.33
,,compromise,158,7.92
,,combination,19,6.96
,,blend,13,6.74
,,compromise,10,6.57
,,spot,15,6.29
,,medium,12,6.22
,,spread,21,6.06
,,tradeoff,28,6.05
,,balance,19,6
,,trade-off,38,5.79
,,mix,12,5.45
,,choose,148,5.3
,,decide,18,5.12
,,choice,54,5
,,tear,22,4.76
,,point,14,4.18
,,line,57,3.59
,,contrast,19,3.38
,,switch,28,3.37
,,tension,24,2.56
,,difference,171,2
,,gap,29,1.73
,,conflict,16,1.62
,,correlation,18,1.61
,,be,15,0.95
,,distinction,11,0.84
,,link,15,0.34
,,relationship,45,0.29
comfort,... at X,,2602,0.13
,,sigh,12,6.1
,,massage,12,5.78
,,print,18,5.24
,,enjoy,24,5.18
,,workout,11,5.1
,,movie,25,4.85
,,relax,22,4.79
,,attempt,176,4.68
,,right,89,4.6
,,shop,21,4.33
,,surprise,38,4.29
,,amaze,30,4.02
,,watch,10,3.95
,,try,10,3.91
,,online,60,3.84
,,everything,10,3.67
,,marvel,22,3.53
,,learn,26,3.45
,,treatment,19,3.43
,,sit,134,3.42
,,experience,53,3.38
,,food,24,3.35
,,ticket,12,3.25
,,order,10,3.17
,,result,11,3
,,aim,111,2.98
,,service,66,2.93
,,body,10,2.91
,,money,18,2.9
,,game,54,2.82
,,do,103,2.78
,,product,22,2.77
,,effort,14,2.72
,,deliver,10,2.41
,,need,12,2.39
,,smile,18,2.36
,,session,12,2.25
,,feel,26,2.24
,,play,42,1.73
,,more,11,1.73
,,stay,44,1.66
,,eat,11,1.63
,,offer,11,1.63
,,home,15,1.62
,,serve,10,1.59
,,use,18,1.41
,,show,12,1.29
,,room,12,1.26
,,course,10,1.06
,,work,57,0.91
,,make,12,0.79
,,good,12,0.52
,,work,10,0.03
comfort,... as X,,2467,0.12
,,food,112,7.01
,,derive,12,6.4
,,provide,119,5.42
,,bring,21,5.1
,,offer,90,5
,,find,38,4.73
,,come,384,4.49
,,want,15,4.41
,,feel,16,4.06
,,word,13,3.73
,,need,21,3.68
,,important,47,3.53
,,mean,17,3.53
,,more,18,3.15
,,give,33,3.04
,,get,20,2.52
,,intend,14,2.23
,,thing,37,2.17
,,take,34,2.1
,,have,22,2
,,much,25,1.58
,,be,34,1.03
,,act,13,0.9
,,serve,176,0.57
,,such,663,0.49
,,define,15,0.46
,,act,46,0.33
,,see,30,0.23
,,describe,13,0.11
comfort,... into X,,1913,0.1
,,relax,65,7.48
,,lull,39,7.37
,,retreat,103,7.18
,,retreat,35,7.18
,,slip,25,6.93
,,sink,27,6.59
,,snuggle,13,6.11
,,lean,69,6.05
,,nestle,17,6
,,sink,165,5.88
,,war,10,5.73
,,ease,29,5.7
,,retire,10,5.62
,,settle,178,5.51
,,withdraw,11,5.21
,,experience,26,4.88
,,melt,22,4.52
,,slip,85,4.51
,,give,17,4.44
,,step,46,4.4
,,escape,15,4.15
,,service,12,3.92
,,slide,26,3.85
,,bear,35,3.73
,,more,19,3.69
,,collapse,10,3.65
,,drift,11,3.62
,,right,21,3.45
,,translate,71,2.75
,,further,10,2.71
,,fall,10,2.33
,,be,49,2.3
,,step,26,2.07
,,fall,89,1.88
,,deep,24,1.48
,,grow,11,0.97
,,research,13,0.94
,,way,16,0.74
,,transform,14,0.69
,,take,44,0.34
,,turn,36,0.33
,,move,24,0.33
,,put,19,0.2
,,look,17,0.11
comfort,... by X,,1696,0.08
,,trouble,11,7.14
,,lull,12,6.91
,,seduce,43,6.2
,,compliment,11,4.89
,,spoil,12,4.86
,,tempt,16,4.68
,,complement,50,4.64
,,swear,18,4.58
,,surround,470,4.24
,,balance,12,3.97
,,enhance,36,3.82
,,impress,64,3.76
,,match,22,3.75
,,surprise,46,3.68
,,blow,16,3.67
,,blind,14,3.58
,,distinguish,21,3.46
,,amaze,11,3.34
,,embrace,10,3.02
,,distract,15,2.97
,,characterise,21,2.96
,,mean,18,2.48
,,dictate,11,2.46
,,offset,13,2.39
,,characterize,56,2.33
,,overwhelm,14,2.19
,,greet,10,2.18
,,motivate,21,2.04
,,define,41,1.74
,,mark,21,1.65
,,guide,13,1.22
,,strike,12,1.19
,,limit,12,1.15
,,back,19,1.13
,,measure,12,1.1
,,replace,30,0.83
,,drive,35,0.75
,,inspire,41,0.71
,,accompany,26,0.31
,,determine,19,0.2
comfort,"verbs with particle ""up"" and X as object",,1602,0.08
,,give,1302,5.77
,,serve,58,4.34
,,soak,55,4.24
,,offer,43,3.86
,,add,11,3.38
,,cook,10,3.09
,,ramp,11,1.81
,,build,34,1.36
comfort,X over ...,,1571,0.08
,,fashion,79,10.27
,,style,200,10.12
,,sportiness,19,8.6
,,speed,45,8.16
,,journey,20,8.01
,,truth,29,7.81
,,performance,50,7.57
,,look,21,7.34
,,ride,13,7.21
,,toe,11,7.06
,,haul,23,6.74
,,handling,17,6.7
,,anything,30,6.58
,,distance,147,6.39
,,terrain,35,6.38
,,session,26,6.21
,,bump,17,6.08
,,safety,20,5.83
,,appearance,18,5.81
,,duration,11,5.37
,,model,16,5.16
,,family,10,4.87
,,everything,23,4.61
,,road,19,4.53
,,use,14,4.14
,,surface,20,4.05
,,range,27,3.71
,,mile,19,2.99
,,period,104,2.47
,,hour,20,2.44
,,life,13,2.39
,,day,13,1.17
,,month,18,1.09
,,course,19,1
,,time,57,0.69
,,year,84,0.25
comfort,... than X,,1415,0.07
,,concern,15,7.16
,,provide,19,6.8
,,character,23,6.71
,,pain,11,6.33
,,offer,15,6.05
,,priority,10,5.7
,,important,213,5.39
,,reason,12,5.29
,,performance,10,4.66
,,life,21,4.63
,,other,155,1.81
,,be,23,1.76
,,great,36,1.69
,,high,26,0.81
,,more,577,0.77
,,good,42,0.46
comfort,X as ...,,1360,0.07
,,mattress,10,6.67
,,conditioning,11,6.43
,,priority,143,6.24
,,parking,13,6
,,consideration,10,5.04
,,passenger,12,4.76
,,bed,13,4.68
,,seat,17,4.66
,,objective,11,4.38
,,air,13,4.26
,,hotel,12,4.07
,,room,18,3.93
,,goal,22,3.92
,,patient,14,3.74
,,home,29,3.43
,,world,11,3.09
,,reason,21,2.83
,,standard,27,2.77
,,rest,10,2.73
,,car,15,2.69
,,factor,21,2.53
,,parent,12,2.38
,,driver,15,2.33
,,i,17,2.3
,,water,11,2.21
,,day,15,1.81
,,adult,10,1.81
,,child,31,1.7
,,number,14,1.32
,,people,29,1.31
,,something,10,1.31
,,person,11,1.1
,,model,15,1.08
,,point,11,0.91
,,man,17,0.83
,,result,56,0.39
comfort,X throughout ...,,970,0.05
,,wear,14,8.81
,,procedure,26,8.4
,,use,12,8.33
,,stay,63,8.3
,,workout,15,8.24
,,workday,10,7.71
,,treatment,18,7.62
,,trip,16,6.85
,,journey,38,6.54
,,night,73,6.43
,,home,41,6.27
,,experience,10,5.88
,,session,11,5.64
,,day,272,5.42
,,hotel,10,5.41
,,house,11,4.55
,,season,26,3.67
,,process,25,3.4
,,game,12,3.38
,,life,28,3.15
,,year,87,2.94
comfort,X through ...,,936,0.05
,,ventilation,14,8.47
,,touch,17,7.26
,,presence,14,6.77
,,food,24,5.83
,,prayer,24,5.79
,,hour,16,5.19
,,design,31,5.12
,,control,12,4.79
,,faith,20,4.66
,,music,26,4.6
,,word,18,4.47
,,connection,13,4.23
,,relationship,11,4.22
,,Christ,16,4.07
,,song,11,3.99
,,technology,19,3.94
,,material,11,3.72
,,day,30,3.64
,,night,25,3.61
,,time,59,3.48
,,use,60,3.3
,,art,10,3.09
,,season,12,2.82
,,activity,11,2.82
,,work,20,2.77
,,year,26,2.32
,,experience,11,1.95
,,life,11,1.9
,,system,13,1.29
comfort,... like X,,914,0.05
,,home,42,8.13
,,quality,10,6.53
,,aspect,12,6.32
,,benefit,13,5.5
,,factor,36,5.05
,,anything,34,4.17
,,nothing,57,4.16
,,area,17,3.06
,,issue,20,3
,,thing,115,2.92
,,feature,18,2.74
,,people,37,2.66
,,do,63,2.6
,,smell,13,2.32
,,feel,110,1.61
,,something,31,1.49
,,seem,67,0.87
,,sound,34,0.6
,,sound,12,0.34
,,more,17,0.2
comfort,... without X,,841,0.04
,,suffer,16,7.59
,,sleep,12,6.35
,,live,118,5.94
,,survive,21,5.18
,,go,91,5.12
,,night,11,4.99
,,die,25,4.89
,,life,56,4.84
,,do,98,4.67
,,leave,27,4.03
,,world,19,3.72
,,be,189,3.44
,,day,13,2.89
,,year,13,2.8
,,time,12,2.8
comfort,X like ...,,698,0.03
,,conditioning,59,10.13
,,air-conditioning,19,9.45
,,heating,15,8.44
,,bedding,10,8.33
,,shower,26,8.05
,,linen,12,8.01
,,WiFi,10,7.82
,,parking,13,7.75
,,bed,29,7.63
,,seat,25,7.62
,,pillow,11,7.15
,,bathroom,12,7.07
,,electricity,16,6.9
,,blanket,21,6.87
,,kitchen,10,6.58
,,TV,30,6.51
,,pool,14,6.14
,,A,10,6.09
,,control,19,5.85
,,Internet,11,5.63
,,window,16,5.02
,,food,20,4.63
,,home,32,4.3
,,nothing,20,3.74
,,system,10,3.51
comfort,X than ...,,689,0.03
,,sportiness,12,9.13
,,handling,14,8.73
,,tent,23,8.28
,,mattress,14,7.83
,,style,23,6.48
,,performance,29,5.97
,,seat,20,5.74
,,sport,13,5.73
,,speed,30,5.55
,,hotel,16,5.48
,,look,10,5.42
,,need,10,5.18
,,model,30,4.17
,,car,15,3.43
,,anything,82,3.4
,,home,10,3.12
,,system,12,2.88
,,word,12,2.25
,,other,27,1.05
comfort,X while ...,,618,0.03
,,design,20,9.42
,,riding,21,9.19
,,outsole,10,8.97
,,gaming,29,8.88
,,camping,24,8.66
,,sleeping,69,8.51
,,cycling,18,8.31
,,playing,54,7.64
,,walking,11,7.48
,,shooting,13,7.44
,,driver,11,7.32
,,fishing,19,6.76
,,reading,22,6.64
,,training,15,6.61
,,driving,30,5.53
,,shopping,10,5.27
,,rest,14,4.34
,,people,11,4.24
,,other,40,3.23
comfort,X within ...,,569,0.03
,,cabin,11,8.13
,,skin,11,6.97
,,home,70,6.69
,,building,42,5.57
,,house,10,5.13
,,States,34,5.05
,,room,10,4.79
,,space,28,4.38
,,setting,14,4.35
,,environment,35,4.27
,,wall,20,4.12
,,confine,12,3.74
,,budget,11,3.18
,,world,10,3.18
,,body,15,3.14
,,family,13,3.07
,,reach,25,3.05
,,group,13,2.25
,,range,14,1.57
,,community,20,1.42
,,context,11,1.32
comfort,... within X,,533,0.03
,,enjoy,14,8.34
,,online,10,6.27
,,treatment,14,6.24
,,sit,22,5.6
,,experience,43,5.53
,,care,10,5.51
,,life,18,5.06
,,stay,58,5.05
,,do,30,4.46
,,service,22,4.21
,,live,37,4.07
,,remain,18,3.93
,,work,13,1.59
,,be,46,1.16
comfort,X after ...,,489,0.02
,,loss,41,4.99
,,day,184,4.37
,,night,14,3.16
,,surgery,26,2.88
,,hour,21,2.55
,,period,14,2.36
,,death,37,2.26
,,week,13,1.75
,,event,10,1.7
,,year,21,0.15
comfort,... over X,,448,0.02
,,courage,83,11.94
,,fashion,20,8.48
,,truth,14,7.94
,,style,52,7.67
,,safety,10,7.24
,,character,10,6.03
,,look,13,5.47
,,precedence,31,5.03
,,priority,18,4.71
,,performance,18,4.52
,,control,69,2
,,concern,16,1.76
comfort,X into ...,,433,0.02
,,ear,26,4.64
,,bedroom,10,3.19
,,home,49,3.12
,,heart,26,3.07
,,life,68,2.8
,,situation,10,2.22
,,consideration,39,2.14
,,market,20,1.67
,,space,20,1.32
,,account,35,0.29
,,room,11,0.08
comfort,... beyond X,,423,0.02
,,venture,12,7.72
,,step,11,7.14
,,stretch,16,6.01
,,push,10,5.76
,,see,17,5.01
,,something,10,4.99
,,think,12,4.93
,,reach,16,4.57
,,life,10,4.47
,,look,34,4.26
,,way,18,4.23
,,move,32,3.73
,,go,119,3.43
,,extend,18,2.38
,,be,34,1.62
comfort,... after X,,393,0.02
,,look,10,5.32
,,look,257,5.07
,,seek,27,3.52
,,be,62,2.84
comfort,"verbs with particle ""out"" and X as object",,386,0.02
,,seek,236,4.95
,,pour,15,3.59
,,give,15,1.79
,,bring,17,1.22
,,find,19,0.41
comfort,X without ...,,373,0.02
,,bulk,25,9.2
,,compromise,48,7.49
,,tag,22,7.36
,,point,11,6.52
,,pressure,12,5.52
,,hassle,21,4.9
,,worry,12,4.84
,,cost,20,4.8
,,loss,16,4
,,restriction,12,3.93
,,need,51,3.65
,,risk,10,3.42
comfort,... towards X,,333,0.02
,,more,47,6.41
,,bias,20,6.08
,,eye,11,5.73
,,gear,70,5.53
,,orient,16,5.23
,,bias,11,5.08
,,lean,14,3.92
,,way,12,3.67
,,contribute,13,3.55
,,step,15,2.46
,,move,12,1.6
comfort,X under ...,,324,0.02
,,pack,13,9.82
,,affliction,14,9.06
,,foot,81,5.63
,,load,12,3.56
,,roof,14,2.8
,,sun,11,2.73
,,condition,40,1.83
,,circumstance,23,1.83
comfort,X by ...,,315,0.02
,,night,13,2.71
,,presence,18,2.63
,,Smith,16,2.44
,,design,13,2.17
,,sea,10,2.08
,,word,13,1.89
,,virtue,10,1.68
,,fire,15,1.4
,,way,33,1.31
,,day,13,0.85
,,mean,32,0.77
comfort,... behind X,,311,0.02
,,leave,263,5.73
,,hide,30,3.04
comfort,X around ...,,249,0.01
,,ankle,24,6.26
,,foot,16,5.59
,,people,25,4.29
,,clock,16,3.62
,,home,10,3.26
,,town,29,3.23
,,neck,23,2.75
comfort,X inside ...,,226,0.01
,,restroom,16,10.53
,,cabin,33,7.56
,,vehicle,19,5.73
,,car,24,5.42
,,home,40,5.37
,,building,32,4.81
,,house,26,4.33
,,room,11,4.21
comfort,"verbs with particle ""away"" and X as object",,218,0.01
,,strip,14,4.74
,,go,13,4.69
,,take,165,4.38
,,throw,14,2.5
,,give,12,1.17
comfort,... around X,,211,0.01
,,design,58,6.56
,,year,20,5.29
,,centre,10,3.7
,,build,28,3.15
,,revolve,34,2.82
,,center,17,2.76
,,base,15,2.76
,,be,12,0.3
comfort,X against ...,,204,0.01
,,tribulation,55,12.76
,,fear,10,6.84
,,skin,87,6.68
,,wind,10,4.57
,,backdrop,10,2.28
comfort,... toward X,,195,0.01
,,bias,10,6.26
,,more,17,6.03
,,eye,10,5.1
,,gear,33,4.78
,,way,15,4.6
,,lean,14,4.42
,,turn,11,3.52
,,move,19,2.67
,,step,10,2.36
comfort,X above ...,,143,0.01
,,else,86,7.67
,,anything,11,7.15
,,everything,19,6.83
comfort,X among ...,,141,0.01
,,mourner,14,9.64
,,friend,19,4.65
,,other,12,1.76
,,people,18,1.24
comfort,... outside X,,122,0.01
,,step,46,6.64
,,live,10,3.43
,,be,12,1.31
comfort,"verbs with particle ""aside"" and X as object",,105,0.01
,,cast,14,6.03
,,lay,14,5.51
,,put,40,4.55
,,set,37,2.86
comfort,... upon X,,103,0.01
,,dependent,12,2.11
,,rely,11,1.95
,,depend,31,1.79
,,base,27,1.03
comfort,X beyond ...,,87,0
,,compare,15,6.71
,,imagination,17,5.53
,,expectation,17,4.72
,,measure,10,4.64
,,word,11,4.09
comfort,X along ...,,82,0
,,way,60,2.06
comfort,... inside X,,77,0
,,sit,16,5.51
,,stay,11,5.23
,,be,12,2.1
comfort,... before X,,71,0
,,come,28,3.43
comfort,"verbs with particle ""off"" and X as object",,68,0
,,trade,16,6.29
,,show,13,0.53
comfort,X across ...,,67,0
,,range,30,2.9
comfort,X if ...,,65,0
,,nothing,13,4.2
comfort,X until ...,,62,0
,,death,28,2.87
,,day,15,2.38
,,end,14,0.93
comfort,X behind ...,,60,0
,,ear,19,4.71
,,wheel,36,4.19
comfort,X before ...,,59,0
,,fashion,11,11.34
,,style,11,10.44
,,death,10,1.95
comfort,... out X,,49,0
,,seek,23,5.78
comfort,... through X,,47,0
,,be,20,0.39
comfort,X about ...,,42,0
,,future,14,1.2
comfort,X up ...,,37,0
,,notch,13,5.1
,,front,24,3
comfort,X aboard ...,,37,0
,,boat,10,5.77
comfort,... among X,,35,0
,,be,35,0.49
comfort,X because ...,,35,0
,,people,14,1.46
comfort,... along X,,32,0
,,bring,27,4.47
comfort,... because X,,32,0
,,be,32,0.24
comfort,X between ...,,31,0
,,friend,10,3.97
,,people,11,1.05
comfort,X upon ...,,26,0
,,arrival,10,2.52
comfort,X amid ...,,20,0
,,chaos,15,8.68
comfort,X below ...,,20,0
,,deck,20,6.2
comfort,... onto X,,19,0
,,hold,14,2.13
comfort,X amidst ...,,18,0
,,chaos,11,8.17
comfort,... though X,,17,0
,,act,17,7.99
comfort,... so X,,16,0
,,bring,10,7.55
comfort,... up X,,12,0
,,amp,12,5.5
comfort,usage patterns,,0,0
,,"it''s ""%w"" to ...",1435,0.07
